Workbook

Sheet CONTROL
B2: CAMPEONATO DE MARCAS | D2: 3ER MEETING 2026 | F2: PARTICIPACIÓN | H2: 1000 | J2: ACUMULADO ANTERIOR | M2: 15999 | P2: INSCRIPCION | R2: 3000 | S2: SEMANAS | T2: 8 | U2: MEETING ANTERIOR | V2: 20 | X2: SEMANAS ACUMULADAS ANTERIOR
A3: 00 | B3: CODIGO | C3: NOMBRE PARTICIPANTE | D3: PAGO INSCRIPCION | E3: 06/09/2026 | F3: 13/09/2026 | G3: 20/09/2026 | H3: 27/09/2026 | I3: 04/10/2026 | J3: 11/10/2026 | K3: 18/10/2026 | L3: 25/10/2026 | M3: Columna1 | N3: Columna2 | O3: Columna3 | P3: Columna4 | Q3: Columna5 | R3: SEMANAS PARTICIPADAS | S3: APORTADO ACUMULADO DEL MEETING | T3: APORTADO ACUMULADO TOTAL ACIERTOS | U3: ACUMULADO A COBRAR TOTAL ACIERTOS | V3: ACUMULADO ANTERIOR | X3: 4
A4: =A3+1 -> 1 | B4: COD 01 | C4: GANADORES Y PULSO | D4: 3000 | E4: X | F4: X | G4: X | R4: =COUNTIF(E4:Q4,"X") -> 3 | S4: =(($H$2-($H$2*0.2))/3)*CONTROL!$R4 -> 800 | T4: =((CONTROL!$R4*$H$2)*26.66666%)+IF(V4="SI",$M$2/$V$2,0) -> 1599.9498 | U4: =SUMIFS(E$56:Q$56,E4:Q4,"X")+IF(V4="SI",$M$2,0) -> 38665.661 | V4: SI
A5: =A4+1 -> 2 | B5: COD 02 | C5: JESUS QUERALES | D5: 3000 | E5: X | F5: X | R5: =COUNTIF(E5:Q5,"X") -> 2 | S5: =(($H$2-($H$2*0.2))/3)*CONTROL!$R5 -> 533.33333 | T5: =((CONTROL!$R5*$H$2)*26.66666%)+IF(V5="SI",$M$2/$V$2,0) -> 1333.2832 | U5: =SUMIFS(E$56:Q$56,E5:Q5,"X")+IF(V5="SI",$M$2,0) -> 35198.995 | V5: SI
A6: =A5+1 -> 3 | B6: COD 03 | C6: MUÑECA DEL HIPISMO | D6: 3000 | E6: X | F6: X | G6: X | R6: =COUNTIF(E6:Q6,"X") -> 3 | S6: =(($H$2-($H$2*0.2))/3)*CONTROL!$R6 -> 800 | T6: =((CONTROL!$R6*$H$2)*26.66666%)+IF(V6="SI",$M$2/$V$2,0) -> 1599.9498 | U6: =SUMIFS(E$56:Q$56,E6:Q6,"X")+IF(V6="SI",$M$2,0) -> 38665.661 | V6: SI
A7: =A6+1 -> 4 | B7: COD 04 | C7: EL HIPICO 701 | D7: 3000 | E7: X | F7: X | G7: X | H7: O | I7: O | R7: =COUNTIF(E7:Q7,"X") -> 3 | S7: =(($H$2-($H$2*0.2))/3)*CONTROL!$R7 -> 800 | T7: =((CONTROL!$R7*$H$2)*26.66666%)+IF(V7="SI",$M$2/$V$2,0) -> 1599.9498 | U7: =SUMIFS(E$56:Q$56,E7:Q7,"X")+IF(V7="SI",$M$2,0) -> 38665.661 | V7: SI
A8: =A7+1 -> 5 | B8: COD 05 | C8: MARCOS HIDALGO | D8: 3000 | E8: X | F8: X | R8: =COUNTIF(E8:Q8,"X") -> 2 | S8: =(($H$2-($H$2*0.2))/3)*CONTROL!$R8 -> 533.33333 | T8: =((CONTROL!$R8*$H$2)*26.66666%)+IF(V8="SI",$M$2/$V$2,0) -> 1333.2832 | U8: =SUMIFS(E$56:Q$56,E8:Q8,"X")+IF(V8="SI",$M$2,0) -> 35198.995 | V8: SI
A9: =A8+1 -> 6 | B9: COD 06 | C9: JESUS ROJAS | D9: 3000 | E9: X | F9: X | G9: X | H9: O | I9: O | J9: O | K9: O | L9: O | R9: =COUNTIF(E9:Q9,"X") -> 3 | S9: =(($H$2-($H$2*0.2))/3)*CONTROL!$R9 -> 800 | T9: =((CONTROL!$R9*$H$2)*26.66666%)+IF(V9="SI",$M$2/$V$2,0) -> 799.9998 | U9: =SUMIFS(E$56:Q$56,E9:Q9,"X")+IF(V9="SI",$M$2,0) -> 22666.661 | V9: NO
A10: =A9+1 -> 7 | B10: COD 07 | C10: NELSON OSORIO | D10: 3000 | E10: X | F10: X | G10: X | R10: =COUNTIF(E10:Q10,"X") -> 3 | S10: =(($H$2-($H$2*0.2))/3)*CONTROL!$R10 -> 800 | T10: =((CONTROL!$R10*$H$2)*26.66666%)+IF(V10="SI",$M$2/$V$2,0) -> 1599.9498 | U10: =SUMIFS(E$56:Q$56,E10:Q10,"X")+IF(V10="SI",$M$2,0) -> 38665.661 | V10: SI
A11: =A10+1 -> 8 | B11: COD 08 | C11: RUBEN DARIO CARDENAS | D11: 3000 | E11: X | F11: X | R11: =COUNTIF(E11:Q11,"X") -> 2 | S11: =(($H$2-($H$2*0.2))/3)*CONTROL!$R11 -> 533.33333 | T11: =((CONTROL!$R11*$H$2)*26.66666%)+IF(V11="SI",$M$2/$V$2,0) -> 1333.2832 | U11: =SUMIFS(E$56:Q$56,E11:Q11,"X")+IF(V11="SI",$M$2,0) -> 35198.995 | V11: SI
A12: =A11+1 -> 9 | B12: COD 09 | C12: JESUS ARASME | D12: 3000 | E12: X | F12: X | R12: =COUNTIF(E12:Q12,"X") -> 2 | S12: =(($H$2-($H$2*0.2))/3)*CONTROL!$R12 -> 533.33333 | T12: =((CONTROL!$R12*$H$2)*26.66666%)+IF(V12="SI",$M$2/$V$2,0) -> 1333.2832 | U12: =SUMIFS(E$56:Q$56,E12:Q12,"X")+IF(V12="SI",$M$2,0) -> 35198.995 | V12: SI
A13: =A12+1 -> 10 | B13: COD 10 | C13: JESUS CARAYACA | D13: 3000 | E13: X | F13: X | G13: X | R13: =COUNTIF(E13:Q13,"X") -> 3 | S13: =(($H$2-($H$2*0.2))/3)*CONTROL!$R13 -> 800 | T13: =((CONTROL!$R13*$H$2)*26.66666%)+IF(V13="SI",$M$2/$V$2,0) -> 1599.9498 | U13: =SUMIFS(E$56:Q$56,E13:Q13,"X")+IF(V13="SI",$M$2,0) -> 38665.661 | V13: SI
A14: =A13+1 -> 11 | B14: COD 11 | C14: ANDERSON ZERPA | D14: 3000 | E14: X | F14: X | R14: =COUNTIF(E14:Q14,"X") -> 2 | S14: =(($H$2-($H$2*0.2))/3)*CONTROL!$R14 -> 533.33333 | T14: =((CONTROL!$R14*$H$2)*26.66666%)+IF(V14="SI",$M$2/$V$2,0) -> 1333.2832 | U14: =SUMIFS(E$56:Q$56,E14:Q14,"X")+IF(V14="SI",$M$2,0) -> 35198.995 | V14: SI
A15: =A14+1 -> 12 | B15: COD 12 | R15: =COUNTIF(E15:Q15,"X") -> 0 | S15: =(($H$2-($H$2*0.2))/3)*CONTROL!$R15 -> 0 | T15: =((CONTROL!$R15*$H$2)*26.66666%)+IF(V15="SI",$M$2/$V$2,0) -> 0 | U15: =SUMIFS(E$56:Q$56,E15:Q15,"X")+IF(V15="SI",$M$2,0) -> 0 | V15: NO
A16: =A15+1 -> 13 | B16: COD 13 | C16: NOTAS HIPICAS | D16: 0 | E16: 0 | F16: 0 | G16: 0 | R16: =COUNTIF(E16:Q16,"X") -> 0 | S16: =(($H$2-($H$2*0.2))/3)*CONTROL!$R16 -> 0 | T16: =((CONTROL!$R16*$H$2)*26.66666%)+IF(V16="SI",$M$2/$V$2,0) -> 0 | U16: =SUMIFS(E$56:Q$56,E16:Q16,"X")+IF(V16="SI",$M$2,0) -> 0 | V16: NO
A17: =A16+1 -> 14 | B17: COD 14 | C17: PEDRO ALVAREZ | D17: 3000 | E17: X | F17: X | R17: =COUNTIF(E17:Q17,"X") -> 2 | S17: =(($H$2-($H$2*0.2))/3)*CONTROL!$R17 -> 533.33333 | T17: =((CONTROL!$R17*$H$2)*26.66666%)+IF(V17="SI",$M$2/$V$2,0) -> 1333.2832 | U17: =SUMIFS(E$56:Q$56,E17:Q17,"X")+IF(V17="SI",$M$2,0) -> 35198.995 | V17: SI
A18: =A17+1 -> 15 | B18: COD 15 | C18: CARLOS SUAREZ | D18: 3000 | E18: X | F18: X | R18: =COUNTIF(E18:Q18,"X") -> 2 | S18: =(($H$2-($H$2*0.2))/3)*CONTROL!$R18 -> 533.33333 | T18: =((CONTROL!$R18*$H$2)*26.66666%)+IF(V18="SI",$M$2/$V$2,0) -> 1333.2832 | U18: =SUMIFS(E$56:Q$56,E18:Q18,"X")+IF(V18="SI",$M$2,0) -> 35198.995 | V18: SI
A19: =A18+1 -> 16 | B19: COD 16 | C19: PODER HIPICO | D19: 3000 | E19: X | F19: X | R19: =COUNTIF(E19:Q19,"X") -> 2 | S19: =(($H$2-($H$2*0.2))/3)*CONTROL!$R19 -> 533.33333 | T19: =((CONTROL!$R19*$H$2)*26.66666%)+IF(V19="SI",$M$2/$V$2,0) -> 1333.2832 | U19: =SUMIFS(E$56:Q$56,E19:Q19,"X")+IF(V19="SI",$M$2,0) -> 35198.995 | V19: SI
A20: =A19+1 -> 17 | B20: COD 17 | C20: FERNANDO VALDIRIO | D20: 3000 | E20: X | F20: X | R20: =COUNTIF(E20:Q20,"X") -> 2 | S20: =(($H$2-($H$2*0.2))/3)*CONTROL!$R20 -> 533.33333 | T20: =((CONTROL!$R20*$H$2)*26.66666%)+IF(V20="SI",$M$2/$V$2,0) -> 1333.2832 | U20: =SUMIFS(E$56:Q$56,E20:Q20,"X")+IF(V20="SI",$M$2,0) -> 35198.995 | V20: SI
A21: =A20+1 -> 18 | B21: COD 18 | C21: CASTOR CHIRINOS | D21: 3000 | E21: - | F21: - | R21: =COUNTIF(E21:Q21,"X") -> 0 | S21: =(($H$2-($H$2*0.2))/3)*CONTROL!$R21 -> 0 | T21: =((CONTROL!$R21*$H$2)*26.66666%)+IF(V21="SI",$M$2/$V$2,0) -> 0 | U21: =SUMIFS(E$56:Q$56,E21:Q21,"X")+IF(V21="SI",$M$2,0) -> 0 | V21: NO
A22: =A21+1 -> 19 | B22: COD 19 | C22: EL SAMURAI HIPICO | D22: 3000 | E22: X | F22: X | G22: X | H22: O | I22: O | J22: O | K22: O | L22: O | R22: =COUNTIF(E22:Q22,"X") -> 3 | S22: =(($H$2-($H$2*0.2))/3)*CONTROL!$R22 -> 800 | T22: =((CONTROL!$R22*$H$2)*26.66666%)+IF(V22="SI",$M$2/$V$2,0) -> 1599.9498 | U22: =SUMIFS(E$56:Q$56,E22:Q22,"X")+IF(V22="SI",$M$2,0) -> 38665.661 | V22: SI
A23: =A22+1 -> 20 | B23: COD 20 | C23: CHINO | D23: 3000 | E23: X | F23: X | R23: =COUNTIF(E23:Q23,"X") -> 2 | S23: =(($H$2-($H$2*0.2))/3)*CONTROL!$R23 -> 533.33333 | T23: =((CONTROL!$R23*$H$2)*26.66666%)+IF(V23="SI",$M$2/$V$2,0) -> 1333.2832 | U23: =SUMIFS(E$56:Q$56,E23:Q23,"X")+IF(V23="SI",$M$2,0) -> 35198.995 | V23: SI
A24: =A23+1 -> 21 | B24: COD 21 | C24: WILMER | D24: 3000 | E24: X | F24: X | R24: =COUNTIF(E24:Q24,"X") -> 2 | S24: =(($H$2-($H$2*0.2))/3)*CONTROL!$R24 -> 533.33333 | T24: =((CONTROL!$R24*$H$2)*26.66666%)+IF(V24="SI",$M$2/$V$2,0) -> 533.3332 | U24: =SUMIFS(E$56:Q$56,E24:Q24,"X")+IF(V24="SI",$M$2,0) -> 19199.995 | V24: NO
A25: =A24+1 -> 22 | B25: COD 22 | C25: ROGER PIÑA | D25: 3000 | E25: X | F25: X | R25: =COUNTIF(E25:Q25,"X") -> 2 | S25: =(($H$2-($H$2*0.2))/3)*CONTROL!$R25 -> 533.33333 | T25: =((CONTROL!$R25*$H$2)*26.66666%)+IF(V25="SI",$M$2/$V$2,0) -> 533.3332 | U25: =SUMIFS(E$56:Q$56,E25:Q25,"X")+IF(V25="SI",$M$2,0) -> 19199.995 | V25: NO
A26: =A25+1 -> 23 | B26: COD 23 | C26: GILBERT | D26: 3000 | E26: X | F26: X | R26: =COUNTIF(E26:Q26,"X") -> 2 | S26: =(($H$2-($H$2*0.2))/3)*CONTROL!$R26 -> 533.33333 | T26: =((CONTROL!$R26*$H$2)*26.66666%)+IF(V26="SI",$M$2/$V$2,0) -> 533.3332 | U26: =SUMIFS(E$56:Q$56,E26:Q26,"X")+IF(V26="SI",$M$2,0) -> 19199.995 | V26: NO
A27: =A26+1 -> 24 | B27: COD 24 | R27: =COUNTIF(E27:Q27,"X") -> 0 | S27: =(($H$2-($H$2*0.2))/3)*CONTROL!$R27 -> 0 | T27: =((CONTROL!$R27*$H$2)*26.66666%)+IF(V27="SI",$M$2/$V$2,0) -> 0 | U27: =SUMIFS(E$56:Q$56,E27:Q27,"X")+IF(V27="SI",$M$2,0) -> 0 | V27: NO
A28: =A27+1 -> 25 | B28: COD 25 | C28: GLEY GARCIA | D28: 3000 | F28: X | R28: =COUNTIF(E28:Q28,"X") -> 1 | S28: =(($H$2-($H$2*0.2))/3)*CONTROL!$R28 -> 266.66667 | T28: =((CONTROL!$R28*$H$2)*26.66666%)+IF(V28="SI",$M$2/$V$2,0) -> 266.6666 | U28: =SUMIFS(E$56:Q$56,E28:Q28,"X")+IF(V28="SI",$M$2,0) -> 9599.9976 | V28: NO
A29: =A28+1 -> 26 | B29: COD 26 | C29: PEDRO TABEROA | D29: 3000 | E29: X | F29: X | R29: =COUNTIF(E29:Q29,"X") -> 2 | S29: =(($H$2-($H$2*0.2))/3)*CONTROL!$R29 -> 533.33333 | T29: =((CONTROL!$R29*$H$2)*26.66666%)+IF(V29="SI",$M$2/$V$2,0) -> 1333.2832 | U29: =SUMIFS(E$56:Q$56,E29:Q29,"X")+IF(V29="SI",$M$2,0) -> 35198.995 | V29: SI
A30: =A29+1 -> 27 | B30: COD 27 | C30: ANDERSON HERNANDEZ | D30: 3000 | E30: X | F30: X | R30: =COUNTIF(E30:Q30,"X") -> 2 | S30: =(($H$2-($H$2*0.2))/3)*CONTROL!$R30 -> 533.33333 | T30: =((CONTROL!$R30*$H$2)*26.66666%)+IF(V30="SI",$M$2/$V$2,0) -> 533.3332 | U30: =SUMIFS(E$56:Q$56,E30:Q30,"X")+IF(V30="SI",$M$2,0) -> 19199.995 | V30: NO
A31: =A30+1 -> 28 | B31: COD 28 | C31: FRANKLIN DELGADO | D31: 3000 | E31: X | F31: X | R31: =COUNTIF(E31:Q31,"X") -> 2 | S31: =(($H$2-($H$2*0.2))/3)*CONTROL!$R31 -> 533.33333 | T31: =((CONTROL!$R31*$H$2)*26.66666%)+IF(V31="SI",$M$2/$V$2,0) -> 533.3332 | U31: =SUMIFS(E$56:Q$56,E31:Q31,"X")+IF(V31="SI",$M$2,0) -> 19199.995 | V31: NO
A32: =A31+1 -> 29 | B32: COD 29 | C32: JEAN MARCO | D32: 3000 | E32: X | G32: X | R32: =COUNTIF(E32:Q32,"X") -> 2 | S32: =(($H$2-($H$2*0.2))/3)*CONTROL!$R32 -> 533.33333 | T32: =((CONTROL!$R32*$H$2)*26.66666%)+IF(V32="SI",$M$2/$V$2,0) -> 533.3332 | U32: =SUMIFS(E$56:Q$56,E32:Q32,"X")+IF(V32="SI",$M$2,0) -> 13066.663 | V32: NO
A33: =A32+1 -> 30 | B33: COD 30 | C33: CARIACO | D33: 3000 | E33: X | F33: X | R33: =COUNTIF(E33:Q33,"X") -> 2 | S33: =(($H$2-($H$2*0.2))/3)*CONTROL!$R33 -> 533.33333 | T33: =((CONTROL!$R33*$H$2)*26.66666%)+IF(V33="SI",$M$2/$V$2,0) -> 533.3332 | U33: =SUMIFS(E$56:Q$56,E33:Q33,"X")+IF(V33="SI",$M$2,0) -> 19199.995 | V33: NO
A34: =A33+1 -> 31 | B34: COD 31 | C34: ALBIN | D34: 3000 | E34: X | F34: X | R34: =COUNTIF(E34:Q34,"X") -> 2 | S34: =(($H$2-($H$2*0.2))/3)*CONTROL!$R34 -> 533.33333 | T34: =((CONTROL!$R34*$H$2)*26.66666%)+IF(V34="SI",$M$2/$V$2,0) -> 1333.2832 | U34: =SUMIFS(E$56:Q$56,E34:Q34,"X")+IF(V34="SI",$M$2,0) -> 35198.995 | V34: SI
A35: =A34+1 -> 32 | B35: COD 32 | C35: TONY CURTIS | D35: 3000 | E35: X | F35: X | G35: X | R35: =COUNTIF(E35:Q35,"X") -> 3 | S35: =(($H$2-($H$2*0.2))/3)*CONTROL!$R35 -> 800 | T35: =((CONTROL!$R35*$H$2)*26.66666%)+IF(V35="SI",$M$2/$V$2,0) -> 799.9998 | U35: =SUMIFS(E$56:Q$56,E35:Q35,"X")+IF(V35="SI",$M$2,0) -> 22666.661 | V35: NO
A36: =A35+1 -> 33 | B36: COD 33 | C36: JOSE LUIS ANTUNEZ | D36: 3000 | E36: X | F36: X | G36: X | R36: =COUNTIF(E36:Q36,"X") -> 3 | S36: =(($H$2-($H$2*0.2))/3)*CONTROL!$R36 -> 800 | T36: =((CONTROL!$R36*$H$2)*26.66666%)+IF(V36="SI",$M$2/$V$2,0) -> 799.9998 | U36: =SUMIFS(E$56:Q$56,E36:Q36,"X")+IF(V36="SI",$M$2,0) -> 22666.661 | V36: NO
A37: =A36+1 -> 34 | B37: COD 34 | C37: ROBERTO CARLOS | D37: 3000 | E37: X | F37: X | R37: =COUNTIF(E37:Q37,"X") -> 2 | S37: =(($H$2-($H$2*0.2))/3)*CONTROL!$R37 -> 533.33333 | T37: =((CONTROL!$R37*$H$2)*26.66666%)+IF(V37="SI",$M$2/$V$2,0) -> 533.3332 | U37: =SUMIFS(E$56:Q$56,E37:Q37,"X")+IF(V37="SI",$M$2,0) -> 19199.995 | V37: NO
A38: =A37+1 -> 35 | B38: COD 35 | C38: YOVANNY | D38: 3000 | E38: X | F38: X | G38: X | R38: =COUNTIF(E38:Q38,"X") -> 3 | S38: =(($H$2-($H$2*0.2))/3)*CONTROL!$R38 -> 800 | T38: =((CONTROL!$R38*$H$2)*26.66666%)+IF(V38="SI",$M$2/$V$2,0) -> 799.9998 | U38: =SUMIFS(E$56:Q$56,E38:Q38,"X")+IF(V38="SI",$M$2,0) -> 22666.661 | V38: NO
A39: =A38+1 -> 36 | B39: COD 36 | C39: EDGAR ALEXANDER | D39: 3000 | E39: X | F39: X | G39: X | R39: =COUNTIF(E39:Q39,"X") -> 3 | S39: =(($H$2-($H$2*0.2))/3)*CONTROL!$R39 -> 800 | T39: =((CONTROL!$R39*$H$2)*26.66666%)+IF(V39="SI",$M$2/$V$2,0) -> 799.9998 | U39: =SUMIFS(E$56:Q$56,E39:Q39,"X")+IF(V39="SI",$M$2,0) -> 22666.661 | V39: NO
A40: =A39+1 -> 37 | B40: COD 37 | C40: GLADIADOR HIPICO | D40: 0 | E40: X | F40: X | R40: =COUNTIF(E40:Q40,"X") -> 2 | S40: =(($H$2-($H$2*0.2))/3)*CONTROL!$R40 -> 533.33333 | T40: =((CONTROL!$R40*$H$2)*26.66666%)+IF(V40="SI",$M$2/$V$2,0) -> 533.3332 | U40: =SUMIFS(E$56:Q$56,E40:Q40,"X")+IF(V40="SI",$M$2,0) -> 19199.995 | V40: NO
A41: =A40+1 -> 38 | B41: COD 38 | C41: DERVIN | D41: 3000 | E41: X | F41: X | R41: =COUNTIF(E41:Q41,"X") -> 2 | S41: =(($H$2-($H$2*0.2))/3)*CONTROL!$R41 -> 533.33333 | T41: =((CONTROL!$R41*$H$2)*26.66666%)+IF(V41="SI",$M$2/$V$2,0) -> 533.3332 | U41: =SUMIFS(E$56:Q$56,E41:Q41,"X")+IF(V41="SI",$M$2,0) -> 19199.995 | V41: NO
A42: =A41+1 -> 39 | B42: COD 39 | C42: EL TAMAO | D42: 3000 | E42: X | F42: X | R42: =COUNTIF(E42:Q42,"X") -> 2 | S42: =(($H$2-($H$2*0.2))/3)*CONTROL!$R42 -> 533.33333 | T42: =((CONTROL!$R42*$H$2)*26.66666%)+IF(V42="SI",$M$2/$V$2,0) -> 1333.2832 | U42: =SUMIFS(E$56:Q$56,E42:Q42,"X")+IF(V42="SI",$M$2,0) -> 35198.995 | V42: SI
A43: =A42+1 -> 40 | B43: COD 40 | C43: FRED | D43: 3000 | E43: X | F43: X | G43: X | R43: =COUNTIF(E43:Q43,"X") -> 3 | S43: =(($H$2-($H$2*0.2))/3)*CONTROL!$R43 -> 800 | T43: =((CONTROL!$R43*$H$2)*26.66666%)+IF(V43="SI",$M$2/$V$2,0) -> 1599.9498 | U43: =SUMIFS(E$56:Q$56,E43:Q43,"X")+IF(V43="SI",$M$2,0) -> 38665.661 | V43: SI
A44: =A43+1 -> 41 | B44: COD 41 | C44: ENRIQUE LEFEBRE | D44: 0 | E44: 0 | F44: 0 | G44: 0 | R44: =COUNTIF(E44:Q44,"X") -> 0 | S44: =(($H$2-($H$2*0.2))/3)*CONTROL!$R44 -> 0 | T44: =((CONTROL!$R44*$H$2)*26.66666%)+IF(V44="SI",$M$2/$V$2,0) -> 0 | U44: =SUMIFS(E$56:Q$56,E44:Q44,"X")+IF(V44="SI",$M$2,0) -> 0
A45: =A44+1 -> 42 | B45: COD 42 | R45: =COUNTIF(E45:Q45,"X") -> 0 | S45: =(($H$2-($H$2*0.2))/3)*CONTROL!$R45 -> 0 | T45: =((CONTROL!$R45*$H$2)*26.66666%)+IF(V45="SI",$M$2/$V$2,0) -> 0 | U45: =SUMIFS(E$56:Q$56,E45:Q45,"X")+IF(V45="SI",$M$2,0) -> 0
A46: =A45+1 -> 43 | B46: COD 43 | R46: =COUNTIF(E46:Q46,"X") -> 0 | S46: =(($H$2-($H$2*0.2))/3)*CONTROL!$R46 -> 0 | T46: =((CONTROL!$R46*$H$2)*26.66666%)+IF(V46="SI",$M$2/$V$2,0) -> 0 | U46: =SUMIFS(E$56:Q$56,E46:Q46,"X")+IF(V46="SI",$M$2,0) -> 0
A47: =A46+1 -> 44 | B47: COD 44 | R47: =COUNTIF(E47:Q47,"X") -> 0 | S47: =(($H$2-($H$2*0.2))/3)*CONTROL!$R47 -> 0 | T47: =((CONTROL!$R47*$H$2)*26.66666%)+IF(V47="SI",$M$2/$V$2,0) -> 0 | U47: =SUMIFS(E$56:Q$56,E47:Q47,"X")+IF(V47="SI",$M$2,0) -> 0
A48: =A47+1 -> 45 | B48: COD 45 | C48: GUADIZMI | D48: 3000 | E48: X | F48: X | R48: =COUNTIF(E48:Q48,"X") -> 2 | S48: =(($H$2-($H$2*0.2))/3)*CONTROL!$R48 -> 533.33333 | T48: =((CONTROL!$R48*$H$2)*26.66666%)+IF(V48="SI",$M$2/$V$2,0) -> 533.3332 | U48: =SUMIFS(E$56:Q$56,E48:Q48,"X")+IF(V48="SI",$M$2,0) -> 19199.995 | V48: NO
A49: =A48+1 -> 46 | B49: COD 46 | R49: =COUNTIF(E49:Q49,"X") -> 0 | S49: =(($H$2-($H$2*0.2))/3)*CONTROL!$R49 -> 0 | T49: =((CONTROL!$R49*$H$2)*26.66666%)+IF(V49="SI",$M$2/$V$2,0) -> 0 | U49: =SUMIFS(E$56:Q$56,E49:Q49,"X")+IF(V49="SI",$M$2,0) -> 0
A50: =A49+1 -> 47 | B50: COD 47 | R50: =COUNTIF(E50:Q50,"X") -> 0 | S50: =(($H$2-($H$2*0.2))/3)*CONTROL!$R50 -> 0 | T50: =((CONTROL!$R50*$H$2)*26.66666%)+IF(V50="SI",$M$2/$V$2,0) -> 0 | U50: =SUMIFS(E$56:Q$56,E50:Q50,"X")+IF(V50="SI",$M$2,0) -> 0
A51: =A50+1 -> 48 | B51: COD 48 | R51: =COUNTIF(E51:Q51,"X") -> 0 | S51: =(($H$2-($H$2*0.2))/3)*CONTROL!$R51 -> 0 | T51: =((CONTROL!$R51*$H$2)*26.66666%)+IF(V51="SI",$M$2/$V$2,0) -> 0 | U51: =SUMIFS(E$56:Q$56,E51:Q51,"X")+IF(V51="SI",$M$2,0) -> 0
A52: =A51+1 -> 49 | B52: COD 49 | R52: =COUNTIF(E52:Q52,"X") -> 0 | S52: =(($H$2-($H$2*0.2))/3)*CONTROL!$R52 -> 0 | T52: =((CONTROL!$R52*$H$2)*26.66666%)+IF(V52="SI",$M$2/$V$2,0) -> 0 | U52: =SUMIFS(E$56:Q$56,E52:Q52,"X")+IF(V52="SI",$M$2,0) -> 0
A53: =A52+1 -> 50 | B53: COD 50 | R53: =COUNTIF(E53:Q53,"X") -> 0 | S53: =(($H$2-($H$2*0.2))/3)*CONTROL!$R53 -> 0 | T53: =((CONTROL!$R53*$H$2)*26.66666%)+IF(V53="SI",$M$2/$V$2,0) -> 0 | U53: =SUMIFS(E$56:Q$56,E53:Q53,"X")+IF(V53="SI",$M$2,0) -> 0
B54: RECAUDADO INSCRIPCION | D54: =SUM(CONTROL!$D$4:$D$53) -> 111000 | E54: 0.2 | H54: =D54*20% -> 22200 | Q54: TOTAL PREMIO | R54: =D54-H54 -> 88800 | S54: =SUM(S4:S48) -> 22666.667 | T54: =SUM(T4:T53) -> 38665.661 | U54: SEMANAS ACUMULADAS | V54: =COUNTIF(E4:Q4,"X")+X3 -> 7
B55: SOCIOS | C55: NRO DE PARTICIPANTES POR SEMANA | E55: =COUNTIF(E4:E53,"X")+COUNTIF(E4:E53,"O") -> 36 | F55: =COUNTIF(F4:F53,"X")+COUNTIF(F4:F53,"O") -> 36 | G55: =COUNTIF(G4:G53,"X")+COUNTIF(G4:G53,"O") -> 13 | H55: =COUNTIF(H4:H53,"X")+COUNTIF(H4:H53,"O") -> 3 | I55: =COUNTIF(I4:I53,"X")+COUNTIF(I4:I53,"O") -> 3 | J55: =COUNTIF(J4:J53,"X")+COUNTIF(J4:J53,"O") -> 2 | K55: =COUNTIF(K4:K53,"X")+COUNTIF(K4:K53,"O") -> 2 | L55: =COUNTIF(L4:L53,"X")+COUNTIF(L4:L53,"O") -> 2 | ... Q55: =COUNTIF(Q4:Q53,"X")+COUNTIF(Q4:Q53,"O") -> 0 | R55: 1ER LUGAR | S55: 2DO LUGAR | T55: 3ER LUGAR YCATEGORIAS | U55: TOTAL PREMIO MEETING
B56: =COUNTA(C4:C53) -> 40 | C56: MONTO ACUMULADO POR SEMANA | E56: =E55*($H$2*26.66666%) -> 9599.9976 | F56: =F55*($H$2*26.66666%) -> 9599.9976 | G56: =G55*($H$2*26.66666%) -> 3466.6658 | H56: =H55*($H$2*26.66666%) -> 799.9998 | I56: =I55*($H$2*26.66666%) -> 799.9998 | J56: =J55*($H$2*26.66666%) -> 533.3332 | K56: =K55*($H$2*26.66666%) -> 533.3332 | L56: =L55*($H$2*26.66666%) -> 533.3332 | ... Q56: =Q55*($H$2*26.66666%) -> 0 | R56: =U56*70% -> 78026.667 | S56: =U56*15% -> 16720 | T56: =U56*5% -> 5573.3333 | U56: =R54+S54 -> 111466.67
A59: 4

Sheet SEM 1
B1: 0 | CV1: PREMIO | CX1: PREMIO | DA1: PREMIO
B2: CAMPEONATO DE MARCAS LA RINCONADA | CX2: MEETING | DA2: MEETING
B3: FECHA | D3: =CODIGOS_Y_PAGOS[[#Headers],[06/09/2026]] -> 06/09/2026 | F3: PARTICIPACION | O3: =CONTROL!H2 -> 1000 | T3: COMBINACIONES | AC3: =COUNTA(BASE01[COD])-COUNTIF(BASE01[TIPO],"NO ENVIÓ") -> 39 | AH3: PAGADAS | AN3: =COUNTIF(BASE01[TIPO],"PREMIO") -> 36 | AS3: RECAUDADO | AY3: =+O3*AN3 -> 36000 | CG3: SEMANA 1 | CX3: NO ENVIÓ
B4: =COUNTA(F6,K6,P6,U6,Z6,AE6,AJ6,AO6,AT6,AY6,BD6,BI6,BN6,BS6,BX6,CC6) -> 13 | C4: PRUEBAS | D4: ORDEN DE LLEGADA | E4: =D5+1 -> 1 | J4: =E4+1 -> 2 | O4: =J4+1 -> 3 | T4: =O4+1 -> 4 | Y4: =T4+1 -> 5 | AD4: =Y4+1 -> 6 | AI4: =AD4+1 -> 7 | AN4: =AI4+1 -> 8 | AS4: =AN4+1 -> 9 | AX4: =AS4+1 -> 10 | BC4: =AX4+1 -> 11 | BH4: =BC4+1 -> 12 | BM4: =BH4+1 -> 13 | BR4: =BM4+1 -> 14 | BW4: =BR4+1 -> 15 | CB4: =BW4+1 -> 16 | CG4: PORCENTAJE DE ACIERTOS | CX4: PENDIENTE
B5: =ROUNDUP($C$5/2, 0) -> 7 | C5: =COUNTA('SEM 1'!E8,'SEM 1'!J8,'SEM 1'!O8,'SEM 1'!T8,'SEM 1'!Y8,'SEM 1'!AD8,'SEM 1'!AI8,'SEM 1'!AN8,'SEM 1'!AS8,'SEM 1'!AX8,'SEM 1'!BC8,'SEM 1'!BH8,'SEM 1'!BM8,'SEM 1'!BR8,'SEM 1'!BW8,'SEM 1'!CB8) -> 13 | D5: 0 | E5: 8 | F5: 6 | G5: 4 | H5: =E5&"SF" -> 8SF | I5: =E5&"F" -> 8F | J5: 3 | K5: 8 | L5: 5 | M5: =J5&"SF" -> 3SF | N5: =J5&"F" -> 3F | O5: 6 | P5: 8 | Q5: 5 | R5: =O5&"SF" -> 6SF | S5: =O5&"F" -> 6F | T5: 6 | U5: 9 | V5: 7 | W5: =T5&"SF" -> 6SF | X5: =T5&"F" -> 6F | Y5: 5 | Z5: 8 | AA5: 6 | AB5: =Y5&"SF" -> 5SF | AC5: =Y5&"F" -> 5F | AD5: 2 | AE5: 5 | AF5: 7 | AG5: =AD5&"SF" -> 2SF | AH5: =AD5&"F" -> 2F | AI5: 4 | AJ5: 3 | AK5: 6 | AL5: =AI5&"SF" -> 4SF | AM5: =AI5&"F" -> 4F | AN5: 5 | AO5: 6 | AP5: 4 | AQ5: =AN5&"SF" -> 5SF | AR5: =AN5&"F" -> 5F | AS5: 4 | AT5: 1 | AU5: 7 | AV5: =AS5&"SF" -> 4SF | AW5: =AS5&"F" -> 4F | AX5: 1 | AY5: 2 | AZ5: 7 | BA5: =AX5&"SF" -> 1SF | BB5: =AX5&"F" -> 1F | BC5: 4 | BD5: 2 | BE5: 7 | BF5: =BC5&"SF" -> 4SF | BG5: =BC5&"F" -> 4F | BH5: 2 | BI5: 6 | BJ5: 5 | BK5: =BH5&"SF" -> 2SF | BL5: =$BH$5&"F" -> 2F | BM5: 3 | BN5: 9 | BO5: 2 | BP5: =BM5&"SF" -> 3SF | BQ5: =BM5&"F" -> 3F | BR5: - | BU5: =BR5&"SF" -> -SF | BV5: =BR5&"F" -> -F | BW5: - | BZ5: =BW5&"SF" -> -SF | CA5: =BW5&"F" -> -F | CB5: - | CE5: =CB5&"SF" -> -SF | CF5: =CB5&"F" -> -F | CS5: PREMIO | CU5: =(AY3*80%)/3 -> 9600
B6: =COUNTA(F6,Z6,AY6) -> 3 | C6: FIJAS | E6: DIV | F6: 259.28 | J6: DIV | K6: 211.39 | O6: DIV | P6: 298.11 | T6: DIV | U6: 110 | Y6: DIV | Z6: 110 | AD6: DIV | AE6: 232.48 | AI6: DIV | AJ6: 183.74 | AN6: DIV | AO6: 802.92 | AS6: DIV | AT6: 3121.92 | AX6: DIV | AY6: 235.64 | BC6: DIV | BD6: 184.94 | BH6: DIV | BI6: 532.81 | BM6: DIV | BN6: 272.76 | BR6: DIV | BW6: DIV | CB6: DIV | CG6: UNA MARCA | CJ6: DOS MARCAS | CM6: TRES MARCAS | CP6: FIJAS | CS6: SEMANA | CT6: VIENEN | CU6: GENERAL | CV6: PAGO | DB6: ACIERTO DE FIJAS | DT6: ACIERTO DE SUPERFIJAS
B7: 0 | C7: COD | D7: TIPO | E7: 1 | F7: 2 | G7: 22 | H7: 3 | I7: PTS | J7: 12 | K7: Columna2 | L7: Columna23 | M7: Columna28 | N7: Columna3 | O7: Columna4 | P7: Columna5 | Q7: Columna53 | R7: Columna52 | S7: Columna6 | T7: Columna7 | U7: Columna8 | V7: Columna83 | W7: Columna82 | X7: Columna9 | Y7: Columna10 | Z7: Columna11 | AA7: Columna113 | AB7: Columna112 | AC7: Columna12 | AD7: 1RA | AE7: 2DA | AF7: 2DA2 | AG7: 3RA | AH7: Columna15 | AI7: Columna16 | AJ7: Columna17 | AK7: Columna173 | AL7: Columna172 | AM7: Columna18 | AN7: 123 | AO7: 555 | AP7: 556 | AQ7: 111 | AR7: Columna21 | AS7: AAAA | AT7: BBBB | AU7: Columna13 | AV7: CCCC | AW7: Columna24 | AX7: Columna25 | AY7: Columna26 | AZ7: Columna263 | BA7: Columna262 | BB7: Columna27 | BC7: Columna272 | BD7: Columna273 | BE7: Columna2732 | BF7: Columna274 | BG7: Columna275 | BH7: Columna276 | BI7: Columna277 | BJ7: Columna2772 | BK7: Columna278 | BL7: Columna279 | BM7: Columna280 | BN7: Columna281 | BO7: Columna2812 | BP7: Columna282 | BQ7: Columna283 | BR7: Columna2802 | BS7: Columna2813 | BT7: Columna28124 | BU7: Columna2825 | BV7: Columna28310 | BW7: Columna2803 | BX7: Columna2814 | BY7: Columna28125 | BZ7: Columna2826 | CA7: Columna2837 | CB7: Columna2804 | CC7: Columna2815 | CD7: Columna28126 | CE7: Columna2827 | CF7: Columna2838 | CG7: Columna14 | CH7: Columna19 | CI7: Columna20 | CJ7: Columna29 | CK7: Columna30 | CL7: Columna31 | CM7: Columna32 | CN7: Columna34 | CO7: Columna35 | CP7: Columna36 | CQ7: Columna37 | CR7: Columna38 | CS7: Columna1 | CT7: Columna22 | CU7: Columna33 | CV7: Columna44 | CY7: CARRERA | CZ7: DIVIDENDO | DB7: CODIGO | DC7: 1 | DD7: 2 | DE7: 3 | DF7: 4 | DG7: 5 | DH7: 6 | DI7: 7 | DJ7: 8 | DK7: 9 | DL7: 10 | DM7: 11 | DN7: 12 | DO7: 13 | DP7: 14 | DQ7: 15 | DR7: 16 | DT7: CODIGO | DU7: 1 | DV7: 2 | DW7: 3 | DX7: 4 | DY7: 5 | DZ7: 6 | EA7: 7 | EB7: 8 | EC7: 9 | ED7: 10 | EE7: 11 | EF7: 12 | EG7: 13 | EH7: 14 | EI7: 15 | EJ7: 16
B8: =IF(BASE01[[#This Row],[COD]]<>"",B7+1,"") -> 1 | C8: COD 01 | D8: {=IF(BASE01[[#This Row],[COD]]="","",_xlfn.IFS(_xlfn.XLOOKUP(BASE01[[#This Row],[COD]],CODIGOS_Y_PAGOS[CODIGO],CODIGOS_Y_PAGOS[06/09/2026],"")="X","PREMIO",_xlfn.XLOOKUP(BASE01[[#This Row],[COD]],CODIGOS_Y_PAGOS[CODIGO],CODIGOS_Y_PAGOS[06/09/2026],"")="","NO ENVIÓ",_xlfn.XLOOKUP(BASE01[[#This Row],[COD]],CODIGOS_Y_PAGOS[CODIGO],CODIGOS_Y_PAGOS[06/09/2026],"")=0,"MEETING",_xlfn.XLOOKUP(BASE01[[#This Row],[COD]],CODIGOS_Y_PAGOS[CODIGO],CODIGOS_Y_PAGOS[06/09/2026],"")="O","PREMIO",_xlfn.XLOOKUP(BASE01[[#This Row],[COD]],CODIGOS_Y_PAGOS[CODIGO],CODIGOS_Y_PAGOS[06/09/2026],"")="-","PAGO PENDIENTE"))} -> PREMIO | E8: 6 | F8: 1 | G8: 8 | I8: =SUM(IF(E8=E$5,4,0),IF(E8&F8=E$5&F$5,1,0), IF(AND(E8=E$5,F$6>=$D$115),1,0), IF(AND(F8=E$5,F$6>=$D$115),1,0), IF(AND(G8=E$5,F$6>=$D$115),1,0), IF(E8&H8=I$5,1,0), IF(F8=E$5,2,0), IF(G8=E$5,1,0), IF(OR(E8&F8&G8=E$5&F$5&G$5,E8&F8&G8=E$5&G$5&F$5,E8&F8&G8=F$5&E$5&G$5,E8&F8&G8=F$5&G$5&E$5,E8&F8&G8=G$5&E$5&F$5,E8&F8&G8=G$5&F$5&E$5),2,0),IF(AND(E8=E$5,F$6>=$D$129),1,0),IF(AND(F8=E$5,F$6>=$D$129),1,0),IF(AND(G8=E$5,F$6>=$D$129),1,0),IF(E8&H8=H$5,4,0),IF(AND(E8=E$5,F$6<=$D$104),-0.5,0),IF(AND(F8=E$5,F$6<=$D$104),-0.5,0),IF(AND(G8=E$5,F$6<=$D$104),-0.5,0)) -> 1 | J8: 8 | K8: 3 | L8: 5 | N8: =SUM(IF(J8=J$5,4,0),IF(J8&K8=J$5&K$5,1,0), IF(AND(J8=J$5,K$6>=$D$115),1,0), IF(AND(K8=J$5,K$6>=$D$115),1,0), IF(AND(L8=J$5,K$6>=$D$115),1,0), IF(J8&M8=N$5,1,0), IF(K8=J$5,2,0), IF(L8=J$5,1,0), IF(OR(J8&K8&L8=J$5&K$5&L$5,J8&K8&L8=J$5&L$5&K$5,J8&K8&L8=K$5&J$5&L$5,J8&K8&L8=K$5&L$5&J$5,J8&K8&L8=L$5&J$5&K$5,J8&K8&L8=L$5&K$5&J$5),2,0),IF(AND(J8=J$5,K$6>=$D$129),1,0),IF(AND(K8=J$5,K$6>=$D$129),1,0),IF(AND(L8=J$5,K$6>=$D$129),1,0),IF(J8&M8=M$5,4,0),IF(AND(J8=J$5,K$6<=$D$104),-0.5,0),IF(AND(K8=J$5,K$6<=$D$104),-0.5,0),IF(AND(L8=J$5,K$6<=$D$104),-0.5,0)) -> 4 | O8: 2 | P8: 1 | Q8: 6 | S8: =SUM(IF(O8=O$5,4,0),IF(O8&P8=O$5&P$5,1,0), IF(AND(O8=O$5,P$6>=$D$115),1,0), IF(AND(P8=O$5,P$6>=$D$115),1,0), IF(AND(Q8=O$5,P$6>=$D$115),1,0), IF(O8&R8=S$5,1,0), IF(P8=O$5,2,0), IF(Q8=O$5,1,0), IF(OR(O8&P8&Q8=O$5&P$5&Q$5,O8&P8&Q8=O$5&Q$5&P$5,O8&P8&Q8=P$5&O$5&Q$5,O8&P8&Q8=P$5&Q$5&O$5,O8&P8&Q8=Q$5&O$5&P$5,O8&P8&Q8=Q$5&P$5&O$5),2,0),IF(AND(O8=O$5,P$6>=$D$129),1,0),IF(AND(P8=O$5,P$6>=$D$129),1,0),IF(AND(Q8=O$5,P$6>=$D$129),1,0),IF(O8&R8=R$5,4,0),IF(AND(O8=O$5,P$6<=$D$104),-0.5,0),IF(AND(P8=O$5,P$6<=$D$104),-0.5,0),IF(AND(Q8=O$5,P$6<=$D$104),-0.5,0)) -> 1 | T8: 6 | U8: 2 | V8: 8 | W8: F | X8: =SUM(IF(T8=T$5,4,0),IF(T8&U8=T$5&U$5,1,0), IF(AND(T8=T$5,U$6>=$D$115),1,0), IF(AND(U8=T$5,U$6>=$D$115),1,0), IF(AND(V8=T$5,U$6>=$D$115),1,0), IF(T8&W8=X$5,1,0), IF(U8=T$5,2,0), IF(V8=T$5,1,0), IF(OR(T8&U8&V8=T$5&U$5&V$5,T8&U8&V8=T$5&V$5&U$5,T8&U8&V8=U$5&T$5&V$5,T8&U8&V8=U$5&V$5&T$5,T8&U8&V8=V$5&T$5&U$5,T8&U8&V8=V$5&U$5&T$5),2,0),IF(AND(T8=T$5,U$6>=$D$129),1,0),IF(AND(U8=T$5,U$6>=$D$129),1,0),IF(AND(V8=T$5,U$6>=$D$129),1,0),IF(T8&W8=W$5,4,0),IF(AND(T8=T$5,U$6<=$D$104),-0.5,0),IF(AND(U8=T$5,U$6<=$D$104),-0.5,0),IF(AND(V8=T$5,U$6<=$D$104),-0.5,0)) -> 4.5 | Y8: 5 | Z8: 3 | AA8: 10 | AC8: =SUM(IF(Y8=Y$5,4,0),IF(Y8&Z8=Y$5&Z$5,1,0), IF(AND(Y8=Y$5,Z$6>=$D$115),1,0), IF(AND(Z8=Y$5,Z$6>=$D$115),1,0), IF(AND(AA8=Y$5,Z$6>=$D$115),1,0), IF(Y8&AB8=AC$5,1,0), IF(Z8=Y$5,2,0), IF(AA8=Y$5,1,0), IF(OR(Y8&Z8&AA8=Y$5&Z$5&AA$5,Y8&Z8&AA8=Y$5&AA$5&Z$5,Y8&Z8&AA8=Z$5&Y$5&AA$5,Y8&Z8&AA8=Z$5&AA$5&Y$5,Y8&Z8&AA8=AA$5&Y$5&Z$5,Y8&Z8&AA8=AA$5&Z$5&Y$5),2,0),IF(AND(Y8=Y$5,Z$6>=$D$129),1,0),IF(AND(Z8=Y$5,Z$6>=$D$129),1,0),IF(AND(AA8=Y$5,Z$6>=$D$129),1,0),IF(Y8&AB8=AB$5,4,0),IF(AND(Y8=Y$5,Z$6<=$D$104),-0.5,0),IF(AND(Z8=Y$5,Z$6<=$D$104),-0.5,0),IF(AND(AA8=Y$5,Z$6<=$D$104),-0.5,0)) -> 3.5 | AD8: 5 | AE8: 7 | AF8: 2 | AH8: =SUM(IF(AD8=AD$5,4,0),IF(AD8&AE8=AD$5&AE$5,1,0), IF(AND(AD8=AD$5,AE$6>=$D$115),1,0), IF(AND(AE8=AD$5,AE$6>=$D$115),1,0), IF(AND(AF8=AD$5,AE$6>=$D$115),1,0), IF(AD8&AG8=AH$5,1,0), IF(AE8=AD$5,2,0), IF(AF8=AD$5,1,0), IF(OR(AD8&AE8&AF8=AD$5&AE$5&AF$5,AD8&AE8&AF8=AD$5&AF$5&AE$5,AD8&AE8&AF8=AE$5&AD$5&AF$5,AD8&AE8&AF8=AE$5&AF$5&AD$5,AD8&AE8&AF8=AF$5&AD$5&AE$5,AD8&AE8&AF8=AF$5&AE$5&AD$5),2,0),IF(AND(AD8=AD$5,AE$6>=$D$129),1,0),IF(AND(AE8=AD$5,AE$6>=$D$129),1,0),IF(AND(AF8=AD$5,AE$6>=$D$129),1,0),IF(AD8&AG8=AG$5,4,0),IF(AND(AD8=AD$5,AE$6<=$D$104),-0.5,0),IF(AND(AE8=AD$5,AE$6<=$D$104),-0.5,0),IF(AND(AF8=AD$5,AE$6<=$D$104),-0.5,0)) -> 3 | AI8: 3 | AJ8: 1 | AK8: 4 | AM8: =SUM(IF(AI8=AI$5,4,0),IF(AI8&AJ8=AI$5&AJ$5,1,0), IF(AND(AI8=AI$5,AJ$6>=$D$115),1,0), IF(AND(AJ8=AI$5,AJ$6>=$D$115),1,0), IF(AND(AK8=AI$5,AJ$6>=$D$115),1,0), IF(AI8&AL8=AM$5,1,0), IF(AJ8=AI$5,2,0), IF(AK8=AI$5,1,0), IF(OR(AI8&AJ8&AK8=AI$5&AJ$5&AK$5,AI8&AJ8&AK8=AI$5&AK$5&AJ$5,AI8&AJ8&AK8=AJ$5&AI$5&AK$5,AI8&AJ8&AK8=AJ$5&AK$5&AI$5,AI8&AJ8&AK8=AK$5&AI$5&AJ$5,AI8&AJ8&AK8=AK$5&AJ$5&AI$5),2,0),IF(AND(AI8=AI$5,AJ$6>=$D$129),1,0),IF(AND(AJ8=AI$5,AJ$6>=$D$129),1,0),IF(AND(AK8=AI$5,AJ$6>=$D$129),1,0),IF(AI8&AL8=AL$5,4,0),IF(AND(AI8=AI$5,AJ$6<=$D$104),-0.5,0),IF(AND(AJ8=AI$5,AJ$6<=$D$104),-0.5,0),IF(AND(AK8=AI$5,AJ$6<=$D$104),-0.5,0)) -> 1 | AN8: 8 | AO8: 9 | AP8: 7 | AR8: =SUM(IF(AN8=AN$5,4,0),IF(AN8&AO8=AN$5&AO$5,1,0), IF(AND(AN8=AN$5,AO$6>=$D$115),1,0), IF(AND(AO8=AN$5,AO$6>=$D$115),1,0), IF(AND(AP8=AN$5,AO$6>=$D$115),1,0), IF(AN8&AQ8=AR$5,1,0), IF(AO8=AN$5,2,0), IF(AP8=AN$5,1,0), IF(OR(AN8&AO8&AP8=AN$5&AO$5&AP$5,AN8&AO8&AP8=AN$5&AP$5&AO$5,AN8&AO8&AP8=AO$5&AN$5&AP$5,AN8&AO8&AP8=AO$5&AP$5&AN$5,AN8&AO8&AP8=AP$5&AN$5&AO$5,AN8&AO8&AP8=AP$5&AO$5&AN$5),2,0),IF(AND(AN8=AN$5,AO$6>=$D$129),1,0),IF(AND(AO8=AN$5,AO$6>=$D$129),1,0),IF(AND(AP8=AN$5,AO$6>=$D$129),1,0),IF(AN8&AQ8=AQ$5,4,0),IF(AND(AN8=AN$5,AO$6<=$D$104),-0.5,0),IF(AND(AO8=AN$5,AO$6<=$D$104),-0.5,0),IF(AND(AP8=AN$5,AO$6<=$D$104),-0.5,0)) -> 0 | AS8: 1 | AV8: SF | AW8: =SUM(IF(AS8=AS$5,4,0),IF(AS8&AT8=AS$5&AT$5,1,0), IF(AND(AS8=AS$5,AT$6>=$D$115),1,0), IF(AND(AT8=AS$5,AT$6>=$D$115),1,0), IF(AND(AU8=AS$5,AT$6>=$D$115),1,0), IF(AS8&AV8=AW$5,1,0), IF(AT8=AS$5,2,0), IF(AU8=AS$5,1,0), IF(OR(AS8&AT8&AU8=AS$5&AT$5&AU$5,AS8&AT8&AU8=AS$5&AU$5&AT$5,AS8&AT8&AU8=AT$5&AS$5&AU$5,AS8&AT8&AU8=AT$5&AU$5&AS$5,AS8&AT8&AU8=AU$5&AS$5&AT$5,AS8&AT8&AU8=AU$5&AT$5&AS$5),2,0),IF(AND(AS8=AS$5,AT$6>=$D$129),1,0),IF(AND(AT8=AS$5,AT$6>=$D$129),1,0),IF(AND(AU8=AS$5,AT$6>=$D$129),1,0),IF(AS8&AV8=AV$5,4,0),IF(AND(AS8=AS$5,AT$6<=$D$104),-0.5,0),IF(AND(AT8=AS$5,AT$6<=$D$104),-0.5,0),IF(AND(AU8=AS$5,AT$6<=$D$104),-0.5,0)) -> 0 | AX8: 9 | AY8: 1 | AZ8: 8 | BB8: =SUM(IF(AX8=AX$5,4,0),IF(AX8&AY8=AX$5&AY$5,1,0), IF(AND(AX8=AX$5,AY$6>=$D$115),1,0), IF(AND(AY8=AX$5,AY$6>=$D$115),1,0), IF(AND(AZ8=AX$5,AY$6>=$D$115),1,0), IF(AX8&BA8=BB$5,1,0), IF(AY8=AX$5,2,0), IF(AZ8=AX$5,1,0), IF(OR(AX8&AY8&AZ8=AX$5&AY$5&AZ$5,AX8&AY8&AZ8=AX$5&AZ$5&AY$5,AX8&AY8&AZ8=AY$5&AX$5&AZ$5,AX8&AY8&AZ8=AY$5&AZ$5&AX$5,AX8&AY8&AZ8=AZ$5&AX$5&AY$5,AX8&AY8&AZ8=AZ$5&AY$5&AX$5),2,0),IF(AND(AX8=AX$5,AY$6>=$D$129),1,0),IF(AND(AY8=AX$5,AY$6>=$D$129),1,0),IF(AND(AZ8=AX$5,AY$6>=$D$129),1,0),IF(AX8&BA8=BA$5,4,0),IF(AND(AX8=AX$5,AY$6<=$D$104),-0.5,0),IF(AND(AY8=AX$5,AY$6<=$D$104),-0.5,0),IF(AND(AZ8=AX$5,AY$6<=$D$104),-0.5,0)) -> 2 | BC8: 4 | BD8: 6 | BE8: 2 | BG8: =SUM(IF(BC8=BC$5,4,0),IF(BC8&BD8=BC$5&BD$5,1,0), IF(AND(BC8=BC$5,BD$6>=$D$115),1,0), IF(AND(BD8=BC$5,BD$6>=$D$115),1,0), IF(AND(BE8=BC$5,BD$6>=$D$115),1,0), IF(BC8&BF8=BG$5,1,0), IF(BD8=BC$5,2,0), IF(BE8=BC$5,1,0), IF(OR(BC8&BD8&BE8=BC$5&BD$5&BE$5,BC8&BD8&BE8=BC$5&BE$5&BD$5,BC8&BD8&BE8=BD$5&BC$5&BE$5,BC8&BD8&BE8=BD$5&BE$5&BC$5,BC8&BD8&BE8=BE$5&BC$5&BD$5,BC8&BD8&BE8=BE$5&BD$5&BC$5),2,0),IF(AND(BC8=BC$5,BD$6>=$D$129),1,0),IF(AND(BD8=BC$5,BD$6>=$D$129),1,0),IF(AND(BE8=BC$5,BD$6>=$D$129),1,0),IF(BC8&BF8=BF$5,4,0),IF(AND(BC8=BC$5,BD$6<=$D$104),-0.5,0),IF(AND(BD8=BC$5,BD$6<=$D$104),-0.5,0),IF(AND(BE8=BC$5,BD$6<=$D$104),-0.5,0)) -> 4 | BH8: 5 | BI8: 1 | BJ8: 2 | BK8: F | BL8: =SUM(IF(BH8=BH$5,4,0),IF(BH8&BI8=BH$5&BI$5,1,0), IF(AND(BH8=BH$5,BI$6>=$D$115),1,0), IF(AND(BI8=BH$5,BI$6>=$D$115),1,0), IF(AND(BJ8=BH$5,BI$6>=$D$115),1,0), IF(BH8&BK8=BL$5,1,0), IF(BI8=BH$5,2,0), IF(BJ8=BH$5,1,0), IF(OR(BH8&BI8&BJ8=BH$5&BI$5&BJ$5,BH8&BI8&BJ8=BH$5&BJ$5&BI$5,BH8&BI8&BJ8=BI$5&BH$5&BJ$5,BH8&BI8&BJ8=BI$5&BJ$5&BH$5,BH8&BI8&BJ8=BJ$5&BH$5&BI$5,BH8&BI8&BJ8=BJ$5&BI$5&BH$5),2,0),IF(AND(BH8=BH$5,BI$6>=$D$129),1,0),IF(AND(BI8=BH$5,BI$6>=$D$129),1,0),IF(AND(BJ8=BH$5,BI$6>=$D$129),1,0),IF(BH8&BK8=BK$5,4,0),IF(AND(BH8=BH$5,BI$6<=$D$104),-0.5,0),IF(AND(BI8=BH$5,BI$6<=$D$104),-0.5,0),IF(AND(BJ8=BH$5,BI$6<=$D$104),-0.5,0)) -> 2 | BM8: 1 | BN8: 3 | BO8: 12 | BQ8: =SUM(IF(BM8=BM$5,4,0),IF(BM8&BN8=BM$5&BN$5,1,0), IF(AND(BM8=BM$5,BN$6>=$D$115),1,0), IF(AND(BN8=BM$5,BN$6>=$D$115),1,0), IF(AND(BO8=BM$5,BN$6>=$D$115),1,0), IF(BM8&BP8=BQ$5,1,0), IF(BN8=BM$5,2,0), IF(BO8=BM$5,1,0), IF(OR(BM8&BN8&BO8=BM$5&BN$5&BO$5,BM8&BN8&BO8=BM$5&BO$5&BN$5,BM8&BN8&BO8=BN$5&BM$5&BO$5,BM8&BN8&BO8=BN$5&BO$5&BM$5,BM8&BN8&BO8=BO$5&BM$5&BN$5,BM8&BN8&BO8=BO$5&BN$5&BM$5),2,0),IF(AND(BM8=BM$5,BN$6>=$D$129),1,0),IF(AND(BN8=BM$5,BN$6>=$D$129),1,0),IF(AND(BO8=BM$5,BN$6>=$D$129),1,0),IF(BM8&BP8=BP$5,4,0),IF(AND(BM8=BM$5,BN$6<=$D$104),-0.5,0),IF(AND(BN8=BM$5,BN$6<=$D$104),-0.5,0),IF(AND(BO8=BM$5,BN$6<=$D$104),-0.5,0)) -> 2 | BV8: =SUM(IF(BR8=BR$5,4,0),IF(BR8&BS8=BR$5&BS$5,1,0), IF(AND(BR8=BR$5,BS$6>=$D$115),1,0), IF(AND(BS8=BR$5,BS$6>=$D$115),1,0), IF(AND(BT8=BR$5,BS$6>=$D$115),1,0), IF(BR8&BU8=BV$5,1,0), IF(BS8=BR$5,2,0), IF(BT8=BR$5,1,0), IF(OR(BR8&BS8&BT8=BR$5&BS$5&BT$5,BR8&BS8&BT8=BR$5&BT$5&BS$5,BR8&BS8&BT8=BS$5&BR$5&BT$5,BR8&BS8&BT8=BS$5&BT$5&BR$5,BR8&BS8&BT8=BT$5&BR$5&BS$5,BR8&BS8&BT8=BT$5&BS$5&BR$5),2,0),IF(AND(BR8=BR$5,BS$6>=$D$129),1,0),IF(AND(BS8=BR$5,BS$6>=$D$129),1,0),IF(AND(BT8=BR$5,BS$6>=$D$129),1,0),IF(BR8&BU8=BU$5,4,0),IF(AND(BR8=BR$5,BS$6<=$D$104),-0.5,0),IF(AND(BS8=BR$5,BS$6<=$D$104),-0.5,0),IF(AND(BT8=BR$5,BS$6<=$D$104),-0.5,0)) -> 0 | CA8: =SUM(IF(BW8=BW$5,4,0),IF(BW8&BX8=BW$5&BX$5,1,0), IF(AND(BW8=BW$5,BX$6>=$D$115),1,0), IF(AND(BX8=BW$5,BX$6>=$D$115),1,0), IF(AND(BY8=BW$5,BX$6>=$D$115),1,0), IF(BW8&BZ8=CA$5,1,0), IF(BX8=BW$5,2,0), IF(BY8=BW$5,1,0), IF(OR(BW8&BX8&BY8=BW$5&BX$5&BY$5,BW8&BX8&BY8=BW$5&BY$5&BX$5,BW8&BX8&BY8=BX$5&BW$5&BY$5,BW8&BX8&BY8=BX$5&BY$5&BW$5,BW8&BX8&BY8=BY$5&BW$5&BX$5,BW8&BX8&BY8=BY$5&BX$5&BW$5),2,0),IF(AND(BW8=BW$5,BX$6>=$D$129),1,0),IF(AND(BX8=BW$5,BX$6>=$D$129),1,0),IF(AND(BY8=BW$5,BX$6>=$D$129),1,0),IF(BW8&BZ8=BZ$5,4,0),IF(AND(BW8=BW$5,BX$6<=$D$104),-0.5,0),IF(AND(BX8=BW$5,BX$6<=$D$104),-0.5,0),IF(AND(BY8=BW$5,BX$6<=$D$104),-0.5,0)) -> 0 | CF8: =SUM(IF(CB8=CB$5,4,0),IF(CB8&CC8=CB$5&CC$5,1,0), IF(AND(CB8=CB$5,CC$6>=$D$115),1,0), IF(AND(CC8=CB$5,CC$6>=$D$115),1,0), IF(AND(CD8=CB$5,CC$6>=$D$115),1,0), IF(CB8&CE8=CF$5,1,0), IF(CC8=CB$5,2,0), IF(CD8=CB$5,1,0), IF(OR(CB8&CC8&CD8=CB$5&CC$5&CD$5,CB8&CC8&CD8=CB$5&CD$5&CC$5,CB8&CC8&CD8=CC$5&CB$5&CD$5,CB8&CC8&CD8=CC$5&CD$5&CB$5,CB8&CC8&CD8=CD$5&CB$5&CC$5,CB8&CC8&CD8=CD$5&CC$5&CB$5),2,0),IF(AND(CB8=CB$5,CC$6>=$D$129),1,0),IF(AND(CC8=CB$5,CC$6>=$D$129),1,0),IF(AND(CD8=CB$5,CC$6>=$D$129),1,0),IF(CB8&CE8=CE$5,4,0),IF(AND(CB8=CB$5,CC$6<=$D$104),-0.5,0),IF(AND(CC8=CB$5,CC$6<=$D$104),-0.5,0),IF(AND(CD8=CB$5,CC$6<=$D$104),-0.5,0)) -> 0 | CG8: =IF(BASE01[[#This Row],[1]]="",0,$B$4) -> 13 | CH8: =COUNTIF(BASE01[[#This Row],[1]],$E$5)+COUNTIF(BASE01[[#This Row],[12]],$J$5)+COUNTIF(BASE01[[#This Row],[Columna4]],$O$5)+COUNTIF(BASE01[[#This Row],[Columna7]],$T$5)+COUNTIF(BASE01[[#This Row],[Columna10]],$Y$5)+COUNTIF(BASE01[[#This Row],[1RA]],$AD$5)+COUNTIF(BASE01[[#This Row],[Columna16]],$AI$5)+COUNTIF(BASE01[[#This Row],[123]],$AN$5)+COUNTIF(BASE01[[#This Row],[AAAA]],$AS$5)+COUNTIF(BASE01[[#This Row],[Columna25]],$AX$5)+COUNTIF(BASE01[[#This Row],[Columna272]],$BC$5)+COUNTIF(BASE01[[#This Row],[Columna276]],$BH$5)+COUNTIF(BASE01[[#This Row],[Columna280]],$BM$5)+COUNTIF(BASE01[[#This Row],[Columna2802]],$BR$5)+COUNTIF(BASE01[[#This Row],[Columna2803]],$BW$5)+COUNTIF(BASE01[[#This Row],[Columna2804]],$CB$5) -> 3 | CI8: =IF(BASE01[[#This Row],[Columna14]]=0,0,(CH8/CG8)) -> 0.23076923 | CJ8: =IF(BASE01[[#This Row],[1]]="",0,$B$4) -> 13 | CK8: =COUNTIF(BASE01[[#This Row],[1]]:BASE01[[#This Row],[2]],$E$5)+COUNTIF(BASE01[[#This Row],[12]]:BASE01[[#This Row],[Columna2]],$J$5)+COUNTIF(BASE01[[#This Row],[Columna4]]:BASE01[[#This Row],[Columna5]],$O$5)+COUNTIF(BASE01[[#This Row],[Columna7]]:BASE01[[#This Row],[Columna8]],$T$5)+COUNTIF(BASE01[[#This Row],[Columna10]]:BASE01[[#This Row],[Columna11]],$Y$5)+COUNTIF(BASE01[[#This Row],[1RA]]:BASE01[[#This Row],[2DA]],$AD$5)+COUNTIF(BASE01[[#This Row],[Columna16]:[Columna17]],$AI$5)+COUNTIF(BASE01[[#This Row],[123]:[555]],$AN$5)+COUNTIF(BASE01[[#This Row],[AAAA]]:BASE01[[#This Row],[BBBB]],$AS$5)+COUNTIF(BASE01[[#This Row],[Columna25]]:BASE01[[#This Row],[Columna26]],$AX$5)+COUNTIF(BASE01[[#This Row],[Columna272]]:BASE01[[#This Row],[Columna273]],$BC$5)+COUNTIF(BASE01[[#This Row],[Columna276]]:BASE01[[#This Row],[Columna277]],$BH$5)+COUNTIF(BASE01[[#This Row],[Columna280]]:BASE01[[#This Row],[Columna281]],$BM$5)+COUNTIF(BASE01[[#This Row],[Columna2802]]:BASE01[[#This Row],[Columna2813]],$BR$5)+COUNTIF(BASE01[[#This Row],[Columna2803]:[Columna2814]],$BW$5)+COUNTIF(BASE01[[#This Row],[Columna2804]:[Columna2815]],$CB$5) -> 6 | CL8: =IF(BASE01[[#This Row],[Columna14]]=0,0,(CK8/CJ8)) -> 0.46153846 | CM8: =IF(BASE01[[#This Row],[1]]="",0,$B$4) -> 13 | CN8: =COUNTIF(BASE01[[#This Row],[1]:[22]],$E$5)+COUNTIF(BASE01[[#This Row],[12]:[Columna23]],$J$5)+COUNTIF(BASE01[[#This Row],[Columna4]:[Columna53]],$O$5)+COUNTIF(BASE01[[#This Row],[Columna7]:[Columna83]],$T$5)+COUNTIF(BASE01[[#This Row],[Columna10]:[Columna113]],$Y$5)+COUNTIF(BASE01[[#This Row],[1RA]:[2DA2]],$AD$5)+COUNTIF(BASE01[[#This Row],[Columna16]:[Columna173]],$AI$5)+COUNTIF(BASE01[[#This Row],[123]:[556]],$AN$5)+COUNTIF(BASE01[[#This Row],[AAAA]:[Columna13]],$AS$5)+COUNTIF(BASE01[[#This Row],[Columna25]:[Columna263]],$AX$5)+COUNTIF(BASE01[[#This Row],[Columna272]:[Columna2732]],$BC$5)+COUNTIF(BASE01[[#This Row],[Columna276]:[Columna2772]],$BH$5)+COUNTIF(BASE01[[#This Row],[Columna280]:[Columna2812]],$BM$5)+COUNTIF(BASE01[[#This Row],[Columna2802]:[Columna28124]],$BR$5)+COUNTIF(BASE01[[#This Row],[Columna2803]:[Columna28125]],$BW$5)+COUNTIF(BASE01[[#This Row],[Columna2804]:[Columna28126]],$CB$5) -> 11 | CO8: =IF(BASE01[[#This Row],[Columna14]]=0,0,(CN8/CM8)) -> 0.84615385 | CP8: =SUM( (AND(OR(BASE01[[#This Row],[3]]="F", BASE01[[#This Row],[3]]="SF"), F$6<>"")), (AND(OR(BASE01[[#This Row],[Columna28]]="F", BASE01[[#This Row],[Columna28]]="SF"), K$6<>"")), (AND(OR(BASE01[[#This Row],[Columna52]]="F", BASE01[[#This Row],[Columna52]]="SF"), P$6<>"")), (AND(OR(BASE01[[#This Row],[Columna82]]="F", BASE01[[#This Row],[Columna82]]="SF"), U$6<>"")), (AND(OR(BASE01[[#This Row],[Columna112]]="F", BASE01[[#This Row],[Columna112]]="SF"), Z$6<>"")), (AND(OR(BASE01[[#This Row],[3RA]]="F", BASE01[[#This Row],[3RA]]="SF"), AE$6<>"")), (AND(OR(BASE01[[#This Row],[Columna172]]="F",BASE01[[#This Row],[Columna172]]="SF"), AJ$6<>"")), (AND(OR(BASE01[[#This Row],[111]]="F", BASE01[[#This Row],[111]]="SF"), AO$6<>"")), (AND(OR(BASE01[[#This Row],[CCCC]]="F", BASE01[[#This Row],[CCCC]]="SF"), AT$6<>"")), (AND(OR(BASE01[[#This Row],[Columna262]]="F",BASE01[[#This Row],[Columna262]]="SF"), AY$6<>"")), (AND(OR(BASE01[[#This Row],[Columna274]]="F", BASE01[[#This Row],[Columna274]]="SF"), BD$6<>"")), (AND(OR(BASE01[[#This Row],[Columna278]]="F", BASE01[[#This Row],[Columna278]]="SF"), BI$6<>"")), (AND(OR(BASE01[[#This Row],[Columna282]]="F", BASE01[[#This Row],[Columna282]]="SF"), BN$6<>"")), (AND(OR(BASE01[[#This Row],[Columna2825]]="F", BASE01[[#This Row],[Columna2825]]="SF"), BS$6<>"")), (AND(OR(BASE01[[#This Row],[Columna2826]]="F", BASE01[[#This Row],[Columna2826]]="SF"), BX$6<>"")), (AND(OR(BASE01[[#This Row],[Columna2827]]="F", BASE01[[#This Row],[Columna2827]]="SF"), CC$6<>"")) ) -> 3 | CQ8: =COUNTIFS(BASE01[[#This Row],[1]],$E$5,BASE01[[#This Row],[3]],"F")+COUNTIFS(BASE01[[#This Row],[12]],$J$5,BASE01[[#This Row],[Columna28]],"F")+COUNTIFS(BASE01[[#This Row],[Columna4]],$O$5,BASE01[[#This Row],[Columna52]],"F")+COUNTIFS(BASE01[[#This Row],[Columna7]],$T$5,BASE01[[#This Row],[Columna82]],"F")+COUNTIFS(BASE01[[#This Row],[Columna10]],$Y$5,BASE01[[#This Row],[Columna112]],"F")+COUNTIFS(BASE01[[#This Row],[1RA]],$AD$5,BASE01[[#This Row],[3RA]],"F")+COUNTIFS(BASE01[[#This Row],[Columna16]],$AI$5,BASE01[[#This Row],[Columna172]],"F")+COUNTIFS(BASE01[[#This Row],[123]],$AN$5,BASE01[[#This Row],[111]],"F")+COUNTIFS(BASE01[[#This Row],[AAAA]],$AS$5,BASE01[[#This Row],[CCCC]],"F")+COUNTIFS(BASE01[[#This Row],[Columna25]],$AX$5,BASE01[[#This Row],[Columna262]],"F")+COUNTIFS(BASE01[[#This Row],[Columna272]],$BC$5,BASE01[[#This Row],[Columna274]],"F")+COUNTIFS(BASE01[[#This Row],[Columna276]],$BH$5,BASE01[[#This Row],[Columna278]],"F")+COUNTIFS(BASE01[[#This Row],[Columna280]],$BM$5,BASE01[[#This Row],[Columna282]],"F")+COUNTIFS(BASE01[[#This Row],[1]],$E$5,BASE01[[#This Row],[3]],"SF")+COUNTIFS(BASE01[[#This Row],[12]],$J$5,BASE01[[#This Row],[Columna28]],"SF")+COUNTIFS(BASE01[[#This Row],[Columna4]],$O$5,BASE01[[#This Row],[Columna52]],"SF")+COUNTIFS(BASE01[[#This Row],[Columna7]],$T$5,BASE01[[#This Row],[Columna82]],"SF")+COUNTIFS(BASE01[[#This Row],[Columna10]],$Y$5,BASE01[[#This Row],[Columna112]],"SF")+COUNTIFS(BASE01[[#This Row],[1RA]],$AD$5,BASE01[[#This Row],[3RA]],"SF")+COUNTIFS(BASE01[[#This Row],[Columna16]],$AI$5,BASE01[[#This Row],[Columna172]],"SF")+COUNTIFS(BASE01[[#This Row],[123]],$AN$5,BASE01[[#This Row],[111]],"SF")+COUNTIFS(BASE01[[#This Row],[AAAA]],$AS$5,BASE01[[#This Row],[CCCC]],"SF")+COUNTIFS(BASE01[[#This Row],[Columna25]],$AX$5,BA8,"SF")+COUNTIFS(BASE01[[#This Row],[Columna272]],$BC$5,BASE01[[#This Row],[Columna274]],"SF")+COUNTIFS(BASE01[[#This Row],[Columna276]],$BH$5,BASE01[[#This Row],[Columna278]],"SF")+COUNTIFS(BASE01[[#This Row],[Columna280]],$BM$5,BASE01[[#This Row],[Columna282]],"SF") -> 1 | CR8: =IF(BASE01[[#This Row],[Columna14]]=0,0,(CQ8/CP8)) -> 0.33333333 | CS8: =SUM(BASE01[[#This Row],[PTS]],BASE01[[#This Row],[Columna3]],BASE01[[#This Row],[Columna6]],BASE01[[#This Row],[Columna9]],BASE01[[#This Row],[Columna12]],BASE01[[#This Row],[Columna15]],BASE01[[#This Row],[Columna18]],BASE01[[#This Row],[Columna21]],BASE01[[#This Row],[Columna24]],BASE01[[#This Row],[Columna27]],BASE01[[#This Row],[Columna275]],BASE01[[#This Row],[Columna279]],BASE01[[#This Row],[Columna283]],BASE01[[#This Row],[Columna28310]],BASE01[[#This Row],[Columna2837]],BASE01[[#This Row],[Columna2838]]) -> 28 | CU8: =SUM(CS8,CT8) -> 28 | CV8: =IF(BASE01[[#This Row],[TIPO]]="PREMIO",$O$3,"0,00") -> 1000 | CY8: 1 | CZ8: =F$6 -> 259.28 | DB8: =BASE01[[#This Row],[COD]] -> COD 01 | DC8: {=IFERROR(IF(AND(INDEX($E$8:$CE$57, MATCH($C8, $C$8:$C$57, 0), (COLUMNS($DC8:DC8)-1)*5 + 1) = INDEX($E$5:$CE$5, 1, (COLUMNS($DC8:DC8)-1)*5 + 1), INDEX($E$8:$CE$57, MATCH($C8, $C$8:$C$57, 0), (COLUMNS($DC8:DC8)-1)*5 + 4) = "F"), INDEX($CZ$8:$CZ$23, COLUMNS($DC8:DC8)), "0"), "")} -> 0 | DD8: {=IFERROR(IF(AND(INDEX($E$8:$CE$57, MATCH($C8, $C$8:$C$57, 0), (COLUMNS($DC8:DD8)-1)*5 + 1) = INDEX($E$5:$CE$5, 1, (COLUMNS($DC8:DD8)-1)*5 + 1), INDEX($E$8:$CE$57, MATCH($C8, $C$8:$C$57, 0), (COLUMNS($DC8:DD8)-1)*5 + 4) = "F"), INDEX($CZ$8:$CZ$23, COLUMNS($DC8:DD8)), "0"), "")} -> 0 | DE8: {=IFERROR(IF(AND(INDEX($E$8:$CE$57, MATCH($C8, $C$8:$C$57, 0), (COLUMNS($DC8:DE8)-1)*5 + 1) = INDEX($E$5:$CE$5, 1, (COLUMNS($DC8:DE8)-1)*5 + 1), INDEX($E$8:$CE$57, MATCH($C8, $C$8:$C$57, 0), (COLUMNS($DC8:DE8)-1)*5 + 4) = "F"), INDEX($CZ$8:$CZ$23, COLUMNS($DC8:DE8)), "0"), "")} -> 0 | DF8: {=IFERROR(IF(AND(INDEX($E$8:$CE$57, MATCH($C8, $C$8:$C$57, 0), (COLUMNS($DC8:DF8)-1)*5 + 1) = INDEX($E$5:$CE$5, 1, (COLUMNS($DC8:DF8)-1)*5 + 1), INDEX($E$8:$CE$57, MATCH($C8, $C$8:$C$57, 0), (COLUMNS($DC8:DF8)-1)*5 + 4) = "F"), INDEX($CZ$8:$CZ$23, COLUMNS($DC8:DF8)), "0"), "")} -> 110 | DG8: {=IFERROR(IF(AND(INDEX($E$8:$CE$57, MATCH($C8, $C$8:$C$57, 0), (COLUMNS($DC8:DG8)-1)*5 + 1) = INDEX($E$5:$CE$5, 1, (COLUMNS($DC8:DG8)-1)*5 + 1), INDEX($E$8:$CE$57, MATCH($C8, $C$8:$C$57, 0), (COLUMNS($DC8:DG8)-1)*5 + 4) = "F"), INDEX($CZ$8:$CZ$23, COLUMNS($DC8:DG8)), "0"), "")} -> 0 | DH8: {=IFERROR(IF(AND(INDEX($E$8:$CE$57, MATCH($C8, $C$8:$C$57, 0), (COLUMNS($DC8:DH8)-1)*5 + 1) = INDEX($E$5:$CE$5, 1, (COLUMNS($DC8:DH8)-1)*5 + 1), INDEX($E$8:$CE$57, MATCH($C8, $C$8:$C$57, 0), (COLUMNS($DC8:DH8)-1)*5 + 4) = "F"), INDEX($CZ$8:$CZ$23, COLUMNS($DC8:DH8)), "0"), "")} -> 0 | DI8: {=IFERROR(IF(AND(INDEX($E$8:$CE$57, MATCH($C8, $C$8:$C$57, 0), (COLUMNS($DC8:DI8)-1)*5 + 1) = INDEX($E$5:$CE$5, 1, (COLUMNS($DC8:DI8)-1)*5 + 1), INDEX($E$8:$CE$57, MATCH($C8, $C$8:$C$57, 0), (COLUMNS($DC8:DI8)-1)*5 + 4) = "F"), INDEX($CZ$8:$CZ$23, COLUMNS($DC8:DI8)), "0"), "")} -> 0 | DJ8: {=IFERROR(IF(AND(INDEX($E$8:$CE$57, MATCH($C8, $C$8:$C$57, 0), (COLUMNS($DC8:DJ8)-1)*5 + 1) = INDEX($E$5:$CE$5, 1, (COLUMNS($DC8:DJ8)-1)*5 + 1), INDEX($E$8:$CE$57, MATCH($C8, $C$8:$C$57, 0), (COLUMNS($DC8:DJ8)-1)*5 + 4) = "F"), INDEX($CZ$8:$CZ$23, COLUMNS($DC8:DJ8)), "0"), "")} -> 0 | ... DR8: {=IFERROR(IF(AND(INDEX($E$8:$CE$57, MATCH($C8, $C$8:$C$57, 0), (COLUMNS($DC8:DR8)-1)*5 + 1) = INDEX($E$5:$CE$5, 1, (COLUMNS($DC8:DR8)-1)*5 + 1), INDEX($E$8:$CE$57, MATCH($C8, $C$8:$C$57, 0), (COLUMNS($DC8:DR8)-1)*5 + 4) = "F"), INDEX($CZ$8:$CZ$23, COLUMNS($DC8:DR8)), "0"), "")} -> 0 | DT8: =BASE01[[#This Row],[COD]] -> COD 01 | DU8: {=IFERROR(IF(AND(INDEX($E$8:$CE$57, MATCH($C8, $C$8:$C$57, 0), (COLUMNS($DU8:DU8)-1)*5 + 1) = INDEX($E$5:$CE$5, 1, (COLUMNS($DU8:DU8)-1)*5 + 1), INDEX($E$8:$CE$57, MATCH($C8, $C$8:$C$57, 0), (COLUMNS($DU8:DU8)-1)*5 + 4) = "SF"), INDEX($CZ$8:$CZ$23, COLUMNS($DU8:DU8)), "0"), "")} -> 0 | DV8: {=IFERROR(IF(AND(INDEX($E$8:$CE$57, MATCH($C8, $C$8:$C$57, 0), (COLUMNS($DU8:DV8)-1)*5 + 1) = INDEX($E$5:$CE$5, 1, (COLUMNS($DU8:DV8)-1)*5 + 1), INDEX($E$8:$CE$57, MATCH($C8, $C$8:$C$57, 0), (COLUMNS($DU8:DV8)-1)*5 + 4) = "SF"), INDEX($CZ$8:$CZ$23, COLUMNS($DU8:DV8)), "0"), "")} -> 0 | DW8: {=IFERROR(IF(AND(INDEX($E$8:$CE$57, MATCH($C8, $C$8:$C$57, 0), (COLUMNS($DU8:DW8)-1)*5 + 1) = INDEX($E$5:$CE$5, 1, (COLUMNS($DU8:DW8)-1)*5 + 1), INDEX($E$8:$CE$57, MATCH($C8, $C$8:$C$57, 0), (COLUMNS($DU8:DW8)-1)*5 + 4) = "SF"), INDEX($CZ$8:$CZ$23, COLUMNS($DU8:DW8)), "0"), "")} -> 0 | DX8: {=IFERROR(IF(AND(INDEX($E$8:$CE$57, MATCH($C8, $C$8:$C$57, 0), (COLUMNS($DU8:DX8)-1)*5 + 1) = INDEX($E$5:$CE$5, 1, (COLUMNS($DU8:DX8)-1)*5 + 1), INDEX($E$8:$CE$57, MATCH($C8, $C$8:$C$57, 0), (COLUMNS($DU8:DX8)-1)*5 + 4) = "SF"), INDEX($CZ$8:$CZ$23, COLUMNS($DU8:DX8)), "0"), "")} -> 0 | DY8: {=IFERROR(IF(AND(INDEX($E$8:$CE$57, MATCH($C8, $C$8:$C$57, 0), (COLUMNS($DU8:DY8)-1)*5 + 1) = INDEX($E$5:$CE$5, 1, (COLUMNS($DU8:DY8)-1)*5 + 1), INDEX($E$8:$CE$57, MATCH($C8, $C$8:$C$57, 0), (COLUMNS($DU8:DY8)-1)*5 + 4) = "SF"), INDEX($CZ$8:$CZ$23, COLUMNS($DU8:DY8)), "0"), "")} -> 0 | DZ8: {=IFERROR(IF(AND(INDEX($E$8:$CE$57, MATCH($C8, $C$8:$C$57, 0), (COLUMNS($DU8:DZ8)-1)*5 + 1) = INDEX($E$5:$CE$5, 1, (COLUMNS($DU8:DZ8)-1)*5 + 1), INDEX($E$8:$CE$57, MATCH($C8, $C$8:$C$57, 0), (COLUMNS($DU8:DZ8)-1)*5 + 4) = "SF"), INDEX($CZ$8:$CZ$23, COLUMNS($DU8:DZ8)), "0"), "")} -> 0 | EA8: {=IFERROR(IF(AND(INDEX($E$8:$CE$57, MATCH($C8, $C$8:$C$57, 0), (COLUMNS($DU8:EA8)-1)*5 + 1) = INDEX($E$5:$CE$5, 1, (COLUMNS($DU8:EA8)-1)*5 + 1), INDEX($E$8:$CE$57, MATCH($C8, $C$8:$C$57, 0), (COLUMNS($DU8:EA8)-1)*5 + 4) = "SF"), INDEX($CZ$8:$CZ$23, COLUMNS($DU8:EA8)), "0"), "")} -> 0 | EB8: {=IFERROR(IF(AND(INDEX($E$8:$CE$57, MATCH($C8, $C$8:$C$57, 0), (COLUMNS($DU8:EB8)-1)*5 + 1) = INDEX($E$5:$CE$5, 1, (COLUMNS($DU8:EB8)-1)*5 + 1), INDEX($E$8:$CE$57, MATCH($C8, $C$8:$C$57, 0), (COLUMNS($DU8:EB8)-1)*5 + 4) = "SF"), INDEX($CZ$8:$CZ$23, COLUMNS($DU8:EB8)), "0"), "")} -> 0 | ... EJ8: {=IFERROR(IF(AND(INDEX($E$8:$CE$57, MATCH($C8, $C$8:$C$57, 0), (COLUMNS($DU8:EJ8)-1)*5 + 1) = INDEX($E$5:$CE$5, 1, (COLUMNS($DU8:EJ8)-1)*5 + 1), INDEX($E$8:$CE$57, MATCH($C8, $C$8:$C$57, 0), (COLUMNS($DU8:EJ8)-1)*5 + 4) = "SF"), INDEX($CZ$8:$CZ$23, COLUMNS($DU8:EJ8)), "0"), "")} -> 0
B9: =IF(BASE01[[#This Row],[COD]]<>"",B8+1,"") -> 2 | C9: COD 02 | D9: {=IF(BASE01[[#This Row],[COD]]="","",_xlfn.IFS(_xlfn.XLOOKUP(BASE01[[#This Row],[COD]],CODIGOS_Y_PAGOS[CODIGO],CODIGOS_Y_PAGOS[06/09/2026],"")="X","PREMIO",_xlfn.XLOOKUP(BASE01[[#This Row],[COD]],CODIGOS_Y_PAGOS[CODIGO],CODIGOS_Y_PAGOS[06/09/2026],"")="","NO ENVIÓ",_xlfn.XLOOKUP(BASE01[[#This Row],[COD]],CODIGOS_Y_PAGOS[CODIGO],CODIGOS_Y_PAGOS[06/09/2026],"")=0,"MEETING",_xlfn.XLOOKUP(BASE01[[#This Row],[COD]],CODIGOS_Y_PAGOS[CODIGO],CODIGOS_Y_PAGOS[06/09/2026],"")="O","PREMIO",_xlfn.XLOOKUP(BASE01[[#This Row],[COD]],CODIGOS_Y_PAGOS[CODIGO],CODIGOS_Y_PAGOS[06/09/2026],"")="-","PAGO PENDIENTE"))} -> PREMIO | E9: 8 | F9: 6 | G9: 1 | I9: =SUM(IF(E9=E$5,4,0),IF(E9&F9=E$5&F$5,1,0), IF(AND(E9=E$5,F$6>=$D$115),1,0), IF(AND(F9=E$5,F$6>=$D$115),1,0), IF(AND(G9=E$5,F$6>=$D$115),1,0), IF(E9&H9=I$5,1,0), IF(F9=E$5,2,0), IF(G9=E$5,1,0), IF(OR(E9&F9&G9=E$5&F$5&G$5,E9&F9&G9=E$5&G$5&F$5,E9&F9&G9=F$5&E$5&G$5,E9&F9&G9=F$5&G$5&E$5,E9&F9&G9=G$5&E$5&F$5,E9&F9&G9=G$5&F$5&E$5),2,0),IF(AND(E9=E$5,F$6>=$D$129),1,0),IF(AND(F9=E$5,F$6>=$D$129),1,0),IF(AND(G9=E$5,F$6>=$D$129),1,0),IF(E9&H9=H$5,4,0),IF(AND(E9=E$5,F$6<=$D$104),-0.5,0),IF(AND(F9=E$5,F$6<=$D$104),-0.5,0),IF(AND(G9=E$5,F$6<=$D$104),-0.5,0)) -> 5 | J9: 3 | K9: 8 | L9: 5 | N9: =SUM(IF(J9=J$5,4,0),IF(J9&K9=J$5&K$5,1,0), IF(AND(J9=J$5,K$6>=$D$115),1,0), IF(AND(K9=J$5,K$6>=$D$115),1,0), IF(AND(L9=J$5,K$6>=$D$115),1,0), IF(J9&M9=N$5,1,0), IF(K9=J$5,2,0), IF(L9=J$5,1,0), IF(OR(J9&K9&L9=J$5&K$5&L$5,J9&K9&L9=J$5&L$5&K$5,J9&K9&L9=K$5&J$5&L$5,J9&K9&L9=K$5&L$5&J$5,J9&K9&L9=L$5&J$5&K$5,J9&K9&L9=L$5&K$5&J$5),2,0),IF(AND(J9=J$5,K$6>=$D$129),1,0),IF(AND(K9=J$5,K$6>=$D$129),1,0),IF(AND(L9=J$5,K$6>=$D$129),1,0),IF(J9&M9=M$5,4,0),IF(AND(J9=J$5,K$6<=$D$104),-0.5,0),IF(AND(K9=J$5,K$6<=$D$104),-0.5,0),IF(AND(L9=J$5,K$6<=$D$104),-0.5,0)) -> 7 | O9: 6 | P9: 8 | Q9: 3 | S9: =SUM(IF(O9=O$5,4,0),IF(O9&P9=O$5&P$5,1,0), IF(AND(O9=O$5,P$6>=$D$115),1,0), IF(AND(P9=O$5,P$6>=$D$115),1,0), IF(AND(Q9=O$5,P$6>=$D$115),1,0), IF(O9&R9=S$5,1,0), IF(P9=O$5,2,0), IF(Q9=O$5,1,0), IF(OR(O9&P9&Q9=O$5&P$5&Q$5,O9&P9&Q9=O$5&Q$5&P$5,O9&P9&Q9=P$5&O$5&Q$5,O9&P9&Q9=P$5&Q$5&O$5,O9&P9&Q9=Q$5&O$5&P$5,O9&P9&Q9=Q$5&P$5&O$5),2,0),IF(AND(O9=O$5,P$6>=$D$129),1,0),IF(AND(P9=O$5,P$6>=$D$129),1,0),IF(AND(Q9=O$5,P$6>=$D$129),1,0),IF(O9&R9=R$5,4,0),IF(AND(O9=O$5,P$6<=$D$104),-0.5,0),IF(AND(P9=O$5,P$6<=$D$104),-0.5,0),IF(AND(Q9=O$5,P$6<=$D$104),-0.5,0)) -> 5 | T9: 6 | U9: 8 | V9: 4 | W9: F | X9: =SUM(IF(T9=T$5,4,0),IF(T9&U9=T$5&U$5,1,0), IF(AND(T9=T$5,U$6>=$D$115),1,0), IF(AND(U9=T$5,U$6>=$D$115),1,0), IF(AND(V9=T$5,U$6>=$D$115),1,0), IF(T9&W9=X$5,1,0), IF(U9=T$5,2,0), IF(V9=T$5,1,0), IF(OR(T9&U9&V9=T$5&U$5&V$5,T9&U9&V9=T$5&V$5&U$5,T9&U9&V9=U$5&T$5&V$5,T9&U9&V9=U$5&V$5&T$5,T9&U9&V9=V$5&T$5&U$5,T9&U9&V9=V$5&U$5&T$5),2,0),IF(AND(T9=T$5,U$6>=$D$129),1,0),IF(AND(U9=T$5,U$6>=$D$129),1,0),IF(AND(V9=T$5,U$6>=$D$129),1,0),IF(T9&W9=W$5,4,0),IF(AND(T9=T$5,U$6<=$D$104),-0.5,0),IF(AND(U9=T$5,U$6<=$D$104),-0.5,0),IF(AND(V9=T$5,U$6<=$D$104),-0.5,0)) -> 4.5 | Y9: 5 | AB9: SF | AC9: =SUM(IF(Y9=Y$5,4,0),IF(Y9&Z9=Y$5&Z$5,1,0), IF(AND(Y9=Y$5,Z$6>=$D$115),1,0), IF(AND(Z9=Y$5,Z$6>=$D$115),1,0), IF(AND(AA9=Y$5,Z$6>=$D$115),1,0), IF(Y9&AB9=AC$5,1,0), IF(Z9=Y$5,2,0), IF(AA9=Y$5,1,0), IF(OR(Y9&Z9&AA9=Y$5&Z$5&AA$5,Y9&Z9&AA9=Y$5&AA$5&Z$5,Y9&Z9&AA9=Z$5&Y$5&AA$5,Y9&Z9&AA9=Z$5&AA$5&Y$5,Y9&Z9&AA9=AA$5&Y$5&Z$5,Y9&Z9&AA9=AA$5&Z$5&Y$5),2,0),IF(AND(Y9=Y$5,Z$6>=$D$129),1,0),IF(AND(Z9=Y$5,Z$6>=$D$129),1,0),IF(AND(AA9=Y$5,Z$6>=$D$129),1,0),IF(Y9&AB9=AB$5,4,0),IF(AND(Y9=Y$5,Z$6<=$D$104),-0.5,0),IF(AND(Z9=Y$5,Z$6<=$D$104),-0.5,0),IF(AND(AA9=Y$5,Z$6<=$D$104),-0.5,0)) -> 7.5 | AD9: 7 | AE9: 2 | AF9: 5 | AH9: =SUM(IF(AD9=AD$5,4,0),IF(AD9&AE9=AD$5&AE$5,1,0), IF(AND(AD9=AD$5,AE$6>=$D$115),1,0), IF(AND(AE9=AD$5,AE$6>=$D$115),1,0), IF(AND(AF9=AD$5,AE$6>=$D$115),1,0), IF(AD9&AG9=AH$5,1,0), IF(AE9=AD$5,2,0), IF(AF9=AD$5,1,0), IF(OR(AD9&AE9&AF9=AD$5&AE$5&AF$5,AD9&AE9&AF9=AD$5&AF$5&AE$5,AD9&AE9&AF9=AE$5&AD$5&AF$5,AD9&AE9&AF9=AE$5&AF$5&AD$5,AD9&AE9&AF9=AF$5&AD$5&AE$5,AD9&AE9&AF9=AF$5&AE$5&AD$5),2,0),IF(AND(AD9=AD$5,AE$6>=$D$129),1,0),IF(AND(AE9=AD$5,AE$6>=$D$129),1,0),IF(AND(AF9=AD$5,AE$6>=$D$129),1,0),IF(AD9&AG9=AG$5,4,0),IF(AND(AD9=AD$5,AE$6<=$D$104),-0.5,0),IF(AND(AE9=AD$5,AE$6<=$D$104),-0.5,0),IF(AND(AF9=AD$5,AE$6<=$D$104),-0.5,0)) -> 4 | AI9: 3 | AJ9: 7 | AK9: 4 | AM9: =SUM(IF(AI9=AI$5,4,0),IF(AI9&AJ9=AI$5&AJ$5,1,0), IF(AND(AI9=AI$5,AJ$6>=$D$115),1,0), IF(AND(AJ9=AI$5,AJ$6>=$D$115),1,0), IF(AND(AK9=AI$5,AJ$6>=$D$115),1,0), IF(AI9&AL9=AM$5,1,0), IF(AJ9=AI$5,2,0), IF(AK9=AI$5,1,0), IF(OR(AI9&AJ9&AK9=AI$5&AJ$5&AK$5,AI9&AJ9&AK9=AI$5&AK$5&AJ$5,AI9&AJ9&AK9=AJ$5&AI$5&AK$5,AI9&AJ9&AK9=AJ$5&AK$5&AI$5,AI9&AJ9&AK9=AK$5&AI$5&AJ$5,AI9&AJ9&AK9=AK$5&AJ$5&AI$5),2,0),IF(AND(AI9=AI$5,AJ$6>=$D$129),1,0),IF(AND(AJ9=AI$5,AJ$6>=$D$129),1,0),IF(AND(AK9=AI$5,AJ$6>=$D$129),1,0),IF(AI9&AL9=AL$5,4,0),IF(AND(AI9=AI$5,AJ$6<=$D$104),-0.5,0),IF(AND(AJ9=AI$5,AJ$6<=$D$104),-0.5,0),IF(AND(AK9=AI$5,AJ$6<=$D$104),-0.5,0)) -> 1 | AN9: 9 | AO9: 11 | AP9: 12 | AR9: =SUM(IF(AN9=AN$5,4,0),IF(AN9&AO9=AN$5&AO$5,1,0), IF(AND(AN9=AN$5,AO$6>=$D$115),1,0), IF(AND(AO9=AN$5,AO$6>=$D$115),1,0), IF(AND(AP9=AN$5,AO$6>=$D$115),1,0), IF(AN9&AQ9=AR$5,1,0), IF(AO9=AN$5,2,0), IF(AP9=AN$5,1,0), IF(OR(AN9&AO9&AP9=AN$5&AO$5&AP$5,AN9&AO9&AP9=AN$5&AP$5&AO$5,AN9&AO9&AP9=AO$5&AN$5&AP$5,AN9&AO9&AP9=AO$5&AP$5&AN$5,AN9&AO9&AP9=AP$5&AN$5&AO$5,AN9&AO9&AP9=AP$5&AO$5&AN$5),2,0),IF(AND(AN9=AN$5,AO$6>=$D$129),1,0),IF(AND(AO9=AN$5,AO$6>=$D$129),1,0),IF(AND(AP9=AN$5,AO$6>=$D$129),1,0),IF(AN9&AQ9=AQ$5,4,0),IF(AND(AN9=AN$5,AO$6<=$D$104),-0.5,0),IF(AND(AO9=AN$5,AO$6<=$D$104),-0.5,0),IF(AND(AP9=AN$5,AO$6<=$D$104),-0.5,0)) -> 0 | AS9: 6 | AT9: 1 | AU9: 7 | AW9: =SUM(IF(AS9=AS$5,4,0),IF(AS9&AT9=AS$5&AT$5,1,0), IF(AND(AS9=AS$5,AT$6>=$D$115),1,0), IF(AND(AT9=AS$5,AT$6>=$D$115),1,0), IF(AND(AU9=AS$5,AT$6>=$D$115),1,0), IF(AS9&AV9=AW$5,1,0), IF(AT9=AS$5,2,0), IF(AU9=AS$5,1,0), IF(OR(AS9&AT9&AU9=AS$5&AT$5&AU$5,AS9&AT9&AU9=AS$5&AU$5&AT$5,AS9&AT9&AU9=AT$5&AS$5&AU$5,AS9&AT9&AU9=AT$5&AU$5&AS$5,AS9&AT9&AU9=AU$5&AS$5&AT$5,AS9&AT9&AU9=AU$5&AT$5&AS$5),2,0),IF(AND(AS9=AS$5,AT$6>=$D$129),1,0),IF(AND(AT9=AS$5,AT$6>=$D$129),1,0),IF(AND(AU9=AS$5,AT$6>=$D$129),1,0),IF(AS9&AV9=AV$5,4,0),IF(AND(AS9=AS$5,AT$6<=$D$104),-0.5,0),IF(AND(AT9=AS$5,AT$6<=$D$104),-0.5,0),IF(AND(AU9=AS$5,AT$6<=$D$104),-0.5,0)) -> 0 | AX9: 8 | AY9: 9 | AZ9: 1 | BB9: =SUM(IF(AX9=AX$5,4,0),IF(AX9&AY9=AX$5&AY$5,1,0), IF(AND(AX9=AX$5,AY$6>=$D$115),1,0), IF(AND(AY9=AX$5,AY$6>=$D$115),1,0), IF(AND(AZ9=AX$5,AY$6>=$D$115),1,0), IF(AX9&BA9=BB$5,1,0), IF(AY9=AX$5,2,0), IF(AZ9=AX$5,1,0), IF(OR(AX9&AY9&AZ9=AX$5&AY$5&AZ$5,AX9&AY9&AZ9=AX$5&AZ$5&AY$5,AX9&AY9&AZ9=AY$5&AX$5&AZ$5,AX9&AY9&AZ9=AY$5&AZ$5&AX$5,AX9&AY9&AZ9=AZ$5&AX$5&AY$5,AX9&AY9&AZ9=AZ$5&AY$5&AX$5),2,0),IF(AND(AX9=AX$5,AY$6>=$D$129),1,0),IF(AND(AY9=AX$5,AY$6>=$D$129),1,0),IF(AND(AZ9=AX$5,AY$6>=$D$129),1,0),IF(AX9&BA9=BA$5,4,0),IF(AND(AX9=AX$5,AY$6<=$D$104),-0.5,0),IF(AND(AY9=AX$5,AY$6<=$D$104),-0.5,0),IF(AND(AZ9=AX$5,AY$6<=$D$104),-0.5,0)) -> 1 | BC9: 4 | BD9: 2 | BE9: 8 | BG9: =SUM(IF(BC9=BC$5,4,0),IF(BC9&BD9=BC$5&BD$5,1,0), IF(AND(BC9=BC$5,BD$6>=$D$115),1,0), IF(AND(BD9=BC$5,BD$6>=$D$115),1,0), IF(AND(BE9=BC$5,BD$6>=$D$115),1,0), IF(BC9&BF9=BG$5,1,0), IF(BD9=BC$5,2,0), IF(BE9=BC$5,1,0), IF(OR(BC9&BD9&BE9=BC$5&BD$5&BE$5,BC9&BD9&BE9=BC$5&BE$5&BD$5,BC9&BD9&BE9=BD$5&BC$5&BE$5,BC9&BD9&BE9=BD$5&BE$5&BC$5,BC9&BD9&BE9=BE$5&BC$5&BD$5,BC9&BD9&BE9=BE$5&BD$5&BC$5),2,0),IF(AND(BC9=BC$5,BD$6>=$D$129),1,0),IF(AND(BD9=BC$5,BD$6>=$D$129),1,0),IF(AND(BE9=BC$5,BD$6>=$D$129),1,0),IF(BC9&BF9=BF$5,4,0),IF(AND(BC9=BC$5,BD$6<=$D$104),-0.5,0),IF(AND(BD9=BC$5,BD$6<=$D$104),-0.5,0),IF(AND(BE9=BC$5,BD$6<=$D$104),-0.5,0)) -> 5 | BH9: 1 | BI9: 6 | BJ9: 5 | BL9: =SUM(IF(BH9=BH$5,4,0),IF(BH9&BI9=BH$5&BI$5,1,0), IF(AND(BH9=BH$5,BI$6>=$D$115),1,0), IF(AND(BI9=BH$5,BI$6>=$D$115),1,0), IF(AND(BJ9=BH$5,BI$6>=$D$115),1,0), IF(BH9&BK9=BL$5,1,0), IF(BI9=BH$5,2,0), IF(BJ9=BH$5,1,0), IF(OR(BH9&BI9&BJ9=BH$5&BI$5&BJ$5,BH9&BI9&BJ9=BH$5&BJ$5&BI$5,BH9&BI9&BJ9=BI$5&BH$5&BJ$5,BH9&BI9&BJ9=BI$5&BJ$5&BH$5,BH9&BI9&BJ9=BJ$5&BH$5&BI$5,BH9&BI9&BJ9=BJ$5&BI$5&BH$5),2,0),IF(AND(BH9=BH$5,BI$6>=$D$129),1,0),IF(AND(BI9=BH$5,BI$6>=$D$129),1,0),IF(AND(BJ9=BH$5,BI$6>=$D$129),1,0),IF(BH9&BK9=BK$5,4,0),IF(AND(BH9=BH$5,BI$6<=$D$104),-0.5,0),IF(AND(BI9=BH$5,BI$6<=$D$104),-0.5,0),IF(AND(BJ9=BH$5,BI$6<=$D$104),-0.5,0)) -> 0 | BM9: 1 | BN9: 12 | BO9: 2 | BP9: F | BQ9: =SUM(IF(BM9=BM$5,4,0),IF(BM9&BN9=BM$5&BN$5,1,0), IF(AND(BM9=BM$5,BN$6>=$D$115),1,0), IF(AND(BN9=BM$5,BN$6>=$D$115),1,0), IF(AND(BO9=BM$5,BN$6>=$D$115),1,0), IF(BM9&BP9=BQ$5,1,0), IF(BN9=BM$5,2,0), IF(BO9=BM$5,1,0), IF(OR(BM9&BN9&BO9=BM$5&BN$5&BO$5,BM9&BN9&BO9=BM$5&BO$5&BN$5,BM9&BN9&BO9=BN$5&BM$5&BO$5,BM9&BN9&BO9=BN$5&BO$5&BM$5,BM9&BN9&BO9=BO$5&BM$5&BN$5,BM9&BN9&BO9=BO$5&BN$5&BM$5),2,0),IF(AND(BM9=BM$5,BN$6>=$D$129),1,0),IF(AND(BN9=BM$5,BN$6>=$D$129),1,0),IF(AND(BO9=BM$5,BN$6>=$D$129),1,0),IF(BM9&BP9=BP$5,4,0),IF(AND(BM9=BM$5,BN$6<=$D$104),-0.5,0),IF(AND(BN9=BM$5,BN$6<=$D$104),-0.5,0),IF(AND(BO9=BM$5,BN$6<=$D$104),-0.5,0)) -> 0 | BV9: =SUM(IF(BR9=BR$5,4,0),IF(BR9&BS9=BR$5&BS$5,1,0), IF(AND(BR9=BR$5,BS$6>=$D$115),1,0), IF(AND(BS9=BR$5,BS$6>=$D$115),1,0), IF(AND(BT9=BR$5,BS$6>=$D$115),1,0), IF(BR9&BU9=BV$5,1,0), IF(BS9=BR$5,2,0), IF(BT9=BR$5,1,0), IF(OR(BR9&BS9&BT9=BR$5&BS$5&BT$5,BR9&BS9&BT9=BR$5&BT$5&BS$5,BR9&BS9&BT9=BS$5&BR$5&BT$5,BR9&BS9&BT9=BS$5&BT$5&BR$5,BR9&BS9&BT9=BT$5&BR$5&BS$5,BR9&BS9&BT9=BT$5&BS$5&BR$5),2,0),IF(AND(BR9=BR$5,BS$6>=$D$129),1,0),IF(AND(BS9=BR$5,BS$6>=$D$129),1,0),IF(AND(BT9=BR$5,BS$6>=$D$129),1,0),IF(BR9&BU9=BU$5,4,0),IF(AND(BR9=BR$5,BS$6<=$D$104),-0.5,0),IF(AND(BS9=BR$5,BS$6<=$D$104),-0.5,0),IF(AND(BT9=BR$5,BS$6<=$D$104),-0.5,0)) -> 0 | CA9: =SUM(IF(BW9=BW$5,4,0),IF(BW9&BX9=BW$5&BX$5,1,0), IF(AND(BW9=BW$5,BX$6>=$D$115),1,0), IF(AND(BX9=BW$5,BX$6>=$D$115),1,0), IF(AND(BY9=BW$5,BX$6>=$D$115),1,0), IF(BW9&BZ9=CA$5,1,0), IF(BX9=BW$5,2,0), IF(BY9=BW$5,1,0), IF(OR(BW9&BX9&BY9=BW$5&BX$5&BY$5,BW9&BX9&BY9=BW$5&BY$5&BX$5,BW9&BX9&BY9=BX$5&BW$5&BY$5,BW9&BX9&BY9=BX$5&BY$5&BW$5,BW9&BX9&BY9=BY$5&BW$5&BX$5,BW9&BX9&BY9=BY$5&BX$5&BW$5),2,0),IF(AND(BW9=BW$5,BX$6>=$D$129),1,0),IF(AND(BX9=BW$5,BX$6>=$D$129),1,0),IF(AND(BY9=BW$5,BX$6>=$D$129),1,0),IF(BW9&BZ9=BZ$5,4,0),IF(AND(BW9=BW$5,BX$6<=$D$104),-0.5,0),IF(AND(BX9=BW$5,BX$6<=$D$104),-0.5,0),IF(AND(BY9=BW$5,BX$6<=$D$104),-0.5,0)) -> 0 | CF9: =SUM(IF(CB9=CB$5,4,0),IF(CB9&CC9=CB$5&CC$5,1,0), IF(AND(CB9=CB$5,CC$6>=$D$115),1,0), IF(AND(CC9=CB$5,CC$6>=$D$115),1,0), IF(AND(CD9=CB$5,CC$6>=$D$115),1,0), IF(CB9&CE9=CF$5,1,0), IF(CC9=CB$5,2,0), IF(CD9=CB$5,1,0), IF(OR(CB9&CC9&CD9=CB$5&CC$5&CD$5,CB9&CC9&CD9=CB$5&CD$5&CC$5,CB9&CC9&CD9=CC$5&CB$5&CD$5,CB9&CC9&CD9=CC$5&CD$5&CB$5,CB9&CC9&CD9=CD$5&CB$5&CC$5,CB9&CC9&CD9=CD$5&CC$5&CB$5),2,0),IF(AND(CB9=CB$5,CC$6>=$D$129),1,0),IF(AND(CC9=CB$5,CC$6>=$D$129),1,0),IF(AND(CD9=CB$5,CC$6>=$D$129),1,0),IF(CB9&CE9=CE$5,4,0),IF(AND(CB9=CB$5,CC$6<=$D$104),-0.5,0),IF(AND(CC9=CB$5,CC$6<=$D$104),-0.5,0),IF(AND(CD9=CB$5,CC$6<=$D$104),-0.5,0)) -> 0 | CG9: =IF(BASE01[[#This Row],[1]]="",0,$B$4) -> 13 | CH9: =COUNTIF(BASE01[[#This Row],[1]],$E$5)+COUNTIF(BASE01[[#This Row],[12]],$J$5)+COUNTIF(BASE01[[#This Row],[Columna4]],$O$5)+COUNTIF(BASE01[[#This Row],[Columna7]],$T$5)+COUNTIF(BASE01[[#This Row],[Columna10]],$Y$5)+COUNTIF(BASE01[[#This Row],[1RA]],$AD$5)+COUNTIF(BASE01[[#This Row],[Columna16]],$AI$5)+COUNTIF(BASE01[[#This Row],[123]],$AN$5)+COUNTIF(BASE01[[#This Row],[AAAA]],$AS$5)+COUNTIF(BASE01[[#This Row],[Columna25]],$AX$5)+COUNTIF(BASE01[[#This Row],[Columna272]],$BC$5)+COUNTIF(BASE01[[#This Row],[Columna276]],$BH$5)+COUNTIF(BASE01[[#This Row],[Columna280]],$BM$5)+COUNTIF(BASE01[[#This Row],[Columna2802]],$BR$5)+COUNTIF(BASE01[[#This Row],[Columna2803]],$BW$5)+COUNTIF(BASE01[[#This Row],[Columna2804]],$CB$5) -> 6 | CI9: =IF(BASE01[[#This Row],[Columna14]]=0,0,(CH9/CG9)) -> 0.46153846 | CJ9: =IF(BASE01[[#This Row],[1]]="",0,$B$4) -> 13 | CK9: =COUNTIF(BASE01[[#This Row],[1]]:BASE01[[#This Row],[2]],$E$5)+COUNTIF(BASE01[[#This Row],[12]]:BASE01[[#This Row],[Columna2]],$J$5)+COUNTIF(BASE01[[#This Row],[Columna4]]:BASE01[[#This Row],[Columna5]],$O$5)+COUNTIF(BASE01[[#This Row],[Columna7]]:BASE01[[#This Row],[Columna8]],$T$5)+COUNTIF(BASE01[[#This Row],[Columna10]]:BASE01[[#This Row],[Columna11]],$Y$5)+COUNTIF(BASE01[[#This Row],[1RA]]:BASE01[[#This Row],[2DA]],$AD$5)+COUNTIF(BASE01[[#This Row],[Columna16]:[Columna17]],$AI$5)+COUNTIF(BASE01[[#This Row],[123]:[555]],$AN$5)+COUNTIF(BASE01[[#This Row],[AAAA]]:BASE01[[#This Row],[BBBB]],$AS$5)+COUNTIF(BASE01[[#This Row],[Columna25]]:BASE01[[#This Row],[Columna26]],$AX$5)+COUNTIF(BASE01[[#This Row],[Columna272]]:BASE01[[#This Row],[Columna273]],$BC$5)+COUNTIF(BASE01[[#This Row],[Columna276]]:BASE01[[#This Row],[Columna277]],$BH$5)+COUNTIF(BASE01[[#This Row],[Columna280]]:BASE01[[#This Row],[Columna281]],$BM$5)+COUNTIF(BASE01[[#This Row],[Columna2802]]:BASE01[[#This Row],[Columna2813]],$BR$5)+COUNTIF(BASE01[[#This Row],[Columna2803]:[Columna2814]],$BW$5)+COUNTIF(BASE01[[#This Row],[Columna2804]:[Columna2815]],$CB$5) -> 7 | CL9: =IF(BASE01[[#This Row],[Columna14]]=0,0,(CK9/CJ9)) -> 0.53846154 | CM9: =IF(BASE01[[#This Row],[1]]="",0,$B$4) -> 13 | CN9: =COUNTIF(BASE01[[#This Row],[1]:[22]],$E$5)+COUNTIF(BASE01[[#This Row],[12]:[Columna23]],$J$5)+COUNTIF(BASE01[[#This Row],[Columna4]:[Columna53]],$O$5)+COUNTIF(BASE01[[#This Row],[Columna7]:[Columna83]],$T$5)+COUNTIF(BASE01[[#This Row],[Columna10]:[Columna113]],$Y$5)+COUNTIF(BASE01[[#This Row],[1RA]:[2DA2]],$AD$5)+COUNTIF(BASE01[[#This Row],[Columna16]:[Columna173]],$AI$5)+COUNTIF(BASE01[[#This Row],[123]:[556]],$AN$5)+COUNTIF(BASE01[[#This Row],[AAAA]:[Columna13]],$AS$5)+COUNTIF(BASE01[[#This Row],[Columna25]:[Columna263]],$AX$5)+COUNTIF(BASE01[[#This Row],[Columna272]:[Columna2732]],$BC$5)+COUNTIF(BASE01[[#This Row],[Columna276]:[Columna2772]],$BH$5)+COUNTIF(BASE01[[#This Row],[Columna280]:[Columna2812]],$BM$5)+COUNTIF(BASE01[[#This Row],[Columna2802]:[Columna28124]],$BR$5)+COUNTIF(BASE01[[#This Row],[Columna2803]:[Columna28125]],$BW$5)+COUNTIF(BASE01[[#This Row],[Columna2804]:[Columna28126]],$CB$5) -> 9 | CO9: =IF(BASE01[[#This Row],[Columna14]]=0,0,(CN9/CM9)) -> 0.69230769 | CP9: =SUM( (AND(OR(BASE01[[#This Row],[3]]="F", BASE01[[#This Row],[3]]="SF"), F$6<>"")), (AND(OR(BASE01[[#This Row],[Columna28]]="F", BASE01[[#This Row],[Columna28]]="SF"), K$6<>"")), (AND(OR(BASE01[[#This Row],[Columna52]]="F", BASE01[[#This Row],[Columna52]]="SF"), P$6<>"")), (AND(OR(BASE01[[#This Row],[Columna82]]="F", BASE01[[#This Row],[Columna82]]="SF"), U$6<>"")), (AND(OR(BASE01[[#This Row],[Columna112]]="F", BASE01[[#This Row],[Columna112]]="SF"), Z$6<>"")), (AND(OR(BASE01[[#This Row],[3RA]]="F", BASE01[[#This Row],[3RA]]="SF"), AE$6<>"")), (AND(OR(BASE01[[#This Row],[Columna172]]="F",BASE01[[#This Row],[Columna172]]="SF"), AJ$6<>"")), (AND(OR(BASE01[[#This Row],[111]]="F", BASE01[[#This Row],[111]]="SF"), AO$6<>"")), (AND(OR(BASE01[[#This Row],[CCCC]]="F", BASE01[[#This Row],[CCCC]]="SF"), AT$6<>"")), (AND(OR(BASE01[[#This Row],[Columna262]]="F",BASE01[[#This Row],[Columna262]]="SF"), AY$6<>"")), (AND(OR(BASE01[[#This Row],[Columna274]]="F", BASE01[[#This Row],[Columna274]]="SF"), BD$6<>"")), (AND(OR(BASE01[[#This Row],[Columna278]]="F", BASE01[[#This Row],[Columna278]]="SF"), BI$6<>"")), (AND(OR(BASE01[[#This Row],[Columna282]]="F", BASE01[[#This Row],[Columna282]]="SF"), BN$6<>"")), (AND(OR(BASE01[[#This Row],[Columna2825]]="F", BASE01[[#This Row],[Columna2825]]="SF"), BS$6<>"")), (AND(OR(BASE01[[#This Row],[Columna2826]]="F", BASE01[[#This Row],[Columna2826]]="SF"), BX$6<>"")), (AND(OR(BASE01[[#This Row],[Columna2827]]="F", BASE01[[#This Row],[Columna2827]]="SF"), CC$6<>"")) ) -> 3 | CQ9: =COUNTIFS(BASE01[[#This Row],[1]],$E$5,BASE01[[#This Row],[3]],"F")+COUNTIFS(BASE01[[#This Row],[12]],$J$5,BASE01[[#This Row],[Columna28]],"F")+COUNTIFS(BASE01[[#This Row],[Columna4]],$O$5,BASE01[[#This Row],[Columna52]],"F")+COUNTIFS(BASE01[[#This Row],[Columna7]],$T$5,BASE01[[#This Row],[Columna82]],"F")+COUNTIFS(BASE01[[#This Row],[Columna10]],$Y$5,BASE01[[#This Row],[Columna112]],"F")+COUNTIFS(BASE01[[#This Row],[1RA]],$AD$5,BASE01[[#This Row],[3RA]],"F")+COUNTIFS(BASE01[[#This Row],[Columna16]],$AI$5,BASE01[[#This Row],[Columna172]],"F")+COUNTIFS(BASE01[[#This Row],[123]],$AN$5,BASE01[[#This Row],[111]],"F")+COUNTIFS(BASE01[[#This Row],[AAAA]],$AS$5,BASE01[[#This Row],[CCCC]],"F")+COUNTIFS(BASE01[[#This Row],[Columna25]],$AX$5,BASE01[[#This Row],[Columna262]],"F")+COUNTIFS(BASE01[[#This Row],[Columna272]],$BC$5,BASE01[[#This Row],[Columna274]],"F")+COUNTIFS(BASE01[[#This Row],[Columna276]],$BH$5,BASE01[[#This Row],[Columna278]],"F")+COUNTIFS(BASE01[[#This Row],[Columna280]],$BM$5,BASE01[[#This Row],[Columna282]],"F")+COUNTIFS(BASE01[[#This Row],[1]],$E$5,BASE01[[#This Row],[3]],"SF")+COUNTIFS(BASE01[[#This Row],[12]],$J$5,BASE01[[#This Row],[Columna28]],"SF")+COUNTIFS(BASE01[[#This Row],[Columna4]],$O$5,BASE01[[#This Row],[Columna52]],"SF")+COUNTIFS(BASE01[[#This Row],[Columna7]],$T$5,BASE01[[#This Row],[Columna82]],"SF")+COUNTIFS(BASE01[[#This Row],[Columna10]],$Y$5,BASE01[[#This Row],[Columna112]],"SF")+COUNTIFS(BASE01[[#This Row],[1RA]],$AD$5,BASE01[[#This Row],[3RA]],"SF")+COUNTIFS(BASE01[[#This Row],[Columna16]],$AI$5,BASE01[[#This Row],[Columna172]],"SF")+COUNTIFS(BASE01[[#This Row],[123]],$AN$5,BASE01[[#This Row],[111]],"SF")+COUNTIFS(BASE01[[#This Row],[AAAA]],$AS$5,BASE01[[#This Row],[CCCC]],"SF")+COUNTIFS(BASE01[[#This Row],[Columna25]],$AX$5,BA9,"SF")+COUNTIFS(BASE01[[#This Row],[Columna272]],$BC$5,BASE01[[#This Row],[Columna274]],"SF")+COUNTIFS(BASE01[[#This Row],[Columna276]],$BH$5,BASE01[[#This Row],[Columna278]],"SF")+COUNTIFS(BASE01[[#This Row],[Columna280]],$BM$5,BASE01[[#This Row],[Columna282]],"SF") -> 2 | CR9: =IF(BASE01[[#This Row],[Columna14]]=0,0,(CQ9/CP9)) -> 0.66666667 | CS9: =SUM(BASE01[[#This Row],[PTS]],BASE01[[#This Row],[Columna3]],BASE01[[#This Row],[Columna6]],BASE01[[#This Row],[Columna9]],BASE01[[#This Row],[Columna12]],BASE01[[#This Row],[Columna15]],BASE01[[#This Row],[Columna18]],BASE01[[#This Row],[Columna21]],BASE01[[#This Row],[Columna24]],BASE01[[#This Row],[Columna27]],BASE01[[#This Row],[Columna275]],BASE01[[#This Row],[Columna279]],BASE01[[#This Row],[Columna283]],BASE01[[#This Row],[Columna28310]],BASE01[[#This Row],[Columna2837]],BASE01[[#This Row],[Columna2838]]) -> 40 | CU9: =SUM(CS9,CT9) -> 40 | CV9: =IF(BASE01[[#This Row],[TIPO]]="PREMIO",$O$3,"0,00") -> 1000 | CY9: 2 | CZ9: =K$6 -> 211.39 | DB9: =BASE01[[#This Row],[COD]] -> COD 02 | DC9: {=IFERROR(IF(AND(INDEX($E$8:$CE$57, MATCH($C9, $C$8:$C$57, 0), (COLUMNS($DC9:DC9)-1)*5 + 1) = INDEX($E$5:$CE$5, 1, (COLUMNS($DC9:DC9)-1)*5 + 1), INDEX($E$8:$CE$57, MATCH($C9, $C$8:$C$57, 0), (COLUMNS($DC9:DC9)-1)*5 + 4) = "F"), INDEX($CZ$8:$CZ$23, COLUMNS($DC9:DC9)), "0"), "")} -> 0 | DD9: {=IFERROR(IF(AND(INDEX($E$8:$CE$57, MATCH($C9, $C$8:$C$57, 0), (COLUMNS($DC9:DD9)-1)*5 + 1) = INDEX($E$5:$CE$5, 1, (COLUMNS($DC9:DD9)-1)*5 + 1), INDEX($E$8:$CE$57, MATCH($C9, $C$8:$C$57, 0), (COLUMNS($DC9:DD9)-1)*5 + 4) = "F"), INDEX($CZ$8:$CZ$23, COLUMNS($DC9:DD9)), "0"), "")} -> 0 | DE9: {=IFERROR(IF(AND(INDEX($E$8:$CE$57, MATCH($C9, $C$8:$C$57, 0), (COLUMNS($DC9:DE9)-1)*5 + 1) = INDEX($E$5:$CE$5, 1, (COLUMNS($DC9:DE9)-1)*5 + 1), INDEX($E$8:$CE$57, MATCH($C9, $C$8:$C$57, 0), (COLUMNS($DC9:DE9)-1)*5 + 4) = "F"), INDEX($CZ$8:$CZ$23, COLUMNS($DC9:DE9)), "0"), "")} -> 0 | DF9: {=IFERROR(IF(AND(INDEX($E$8:$CE$57, MATCH($C9, $C$8:$C$57, 0), (COLUMNS($DC9:DF9)-1)*5 + 1) = INDEX($E$5:$CE$5, 1, (COLUMNS($DC9:DF9)-1)*5 + 1), INDEX($E$8:$CE$57, MATCH($C9, $C$8:$C$57, 0), (COLUMNS($DC9:DF9)-1)*5 + 4) = "F"), INDEX($CZ$8:$CZ$23, COLUMNS($DC9:DF9)), "0"), "")} -> 110 | DG9: {=IFERROR(IF(AND(INDEX($E$8:$CE$57, MATCH($C9, $C$8:$C$57, 0), (COLUMNS($DC9:DG9)-1)*5 + 1) = INDEX($E$5:$CE$5, 1, (COLUMNS($DC9:DG9)-1)*5 + 1), INDEX($E$8:$CE$57, MATCH($C9, $C$8:$C$57, 0), (COLUMNS($DC9:DG9)-1)*5 + 4) = "F"), INDEX($CZ$8:$CZ$23, COLUMNS($DC9:DG9)), "0"), "")} -> 0 | DH9: {=IFERROR(IF(AND(INDEX($E$8:$CE$57, MATCH($C9, $C$8:$C$57, 0), (COLUMNS($DC9:DH9)-1)*5 + 1) = INDEX($E$5:$CE$5, 1, (COLUMNS($DC9:DH9)-1)*5 + 1), INDEX($E$8:$CE$57, MATCH($C9, $C$8:$C$57, 0), (COLUMNS($DC9:DH9)-1)*5 + 4) = "F"), INDEX($CZ$8:$CZ$23, COLUMNS($DC9:DH9)), "0"), "")} -> 0 | DI9: {=IFERROR(IF(AND(INDEX($E$8:$CE$57, MATCH($C9, $C$8:$C$57, 0), (COLUMNS($DC9:DI9)-1)*5 + 1) = INDEX($E$5:$CE$5, 1, (COLUMNS($DC9:DI9)-1)*5 + 1), INDEX($E$8:$CE$57, MATCH($C9, $C$8:$C$57, 0), (COLUMNS($DC9:DI9)-1)*5 + 4) = "F"), INDEX($CZ$8:$CZ$23, COLUMNS($DC9:DI9)), "0"), "")} -> 0 | DJ9: {=IFERROR(IF(AND(INDEX($E$8:$CE$57, MATCH($C9, $C$8:$C$57, 0), (COLUMNS($DC9:DJ9)-1)*5 + 1) = INDEX($E$5:$CE$5, 1, (COLUMNS($DC9:DJ9)-1)*5 + 1), INDEX($E$8:$CE$57, MATCH($C9, $C$8:$C$57, 0), (COLUMNS($DC9:DJ9)-1)*5 + 4) = "F"), INDEX($CZ$8:$CZ$23, COLUMNS($DC9:DJ9)), "0"), "")} -> 0 | ... DR9: {=IFERROR(IF(AND(INDEX($E$8:$CE$57, MATCH($C9, $C$8:$C$57, 0), (COLUMNS($DC9:DR9)-1)*5 + 1) = INDEX($E$5:$CE$5, 1, (COLUMNS($DC9:DR9)-1)*5 + 1), INDEX($E$8:$CE$57, MATCH($C9, $C$8:$C$57, 0), (COLUMNS($DC9:DR9)-1)*5 + 4) = "F"), INDEX($CZ$8:$CZ$23, COLUMNS($DC9:DR9)), "0"), "")} -> 0 | DT9: =BASE01[[#This Row],[COD]] -> COD 02 | DU9: {=IFERROR(IF(AND(INDEX($E$8:$CE$57, MATCH($C9, $C$8:$C$57, 0), (COLUMNS($DU9:DU9)-1)*5 + 1) = INDEX($E$5:$CE$5, 1, (COLUMNS($DU9:DU9)-1)*5 + 1), INDEX($E$8:$CE$57, MATCH($C9, $C$8:$C$57, 0), (COLUMNS($DU9:DU9)-1)*5 + 4) = "SF"), INDEX($CZ$8:$CZ$23, COLUMNS($DU9:DU9)), "0"), "")} -> 0 | DV9: {=IFERROR(IF(AND(INDEX($E$8:$CE$57, MATCH($C9, $C$8:$C$57, 0), (COLUMNS($DU9:DV9)-1)*5 + 1) = INDEX($E$5:$CE$5, 1, (COLUMNS($DU9:DV9)-1)*5 + 1), INDEX($E$8:$CE$57, MATCH($C9, $C$8:$C$57, 0), (COLUMNS($DU9:DV9)-1)*5 + 4) = "SF"), INDEX($CZ$8:$CZ$23, COLUMNS($DU9:DV9)), "0"), "")} -> 0 | DW9: {=IFERROR(IF(AND(INDEX($E$8:$CE$57, MATCH($C9, $C$8:$C$57, 0), (COLUMNS($DU9:DW9)-1)*5 + 1) = INDEX($E$5:$CE$5, 1, (COLUMNS($DU9:DW9)-1)*5 + 1), INDEX($E$8:$CE$57, MATCH($C9, $C$8:$C$57, 0), (COLUMNS($DU9:DW9)-1)*5 + 4) = "SF"), INDEX($CZ$8:$CZ$23, COLUMNS($DU9:DW9)), "0"), "")} -> 0 | DX9: {=IFERROR(IF(AND(INDEX($E$8:$CE$57, MATCH($C9, $C$8:$C$57, 0), (COLUMNS($DU9:DX9)-1)*5 + 1) = INDEX($E$5:$CE$5, 1, (COLUMNS($DU9:DX9)-1)*5 + 1), INDEX($E$8:$CE$57, MATCH($C9, $C$8:$C$57, 0), (COLUMNS($DU9:DX9)-1)*5 + 4) = "SF"), INDEX($CZ$8:$CZ$23, COLUMNS($DU9:DX9)), "0"), "")} -> 0 | DY9: {=IFERROR(IF(AND(INDEX($E$8:$CE$57, MATCH($C9, $C$8:$C$57, 0), (COLUMNS($DU9:DY9)-1)*5 + 1) = INDEX($E$5:$CE$5, 1, (COLUMNS($DU9:DY9)-1)*5 + 1), INDEX($E$8:$CE$57, MATCH($C9, $C$8:$C$57, 0), (COLUMNS($DU9:DY9)-1)*5 + 4) = "SF"), INDEX($CZ$8:$CZ$23, COLUMNS($DU9:DY9)), "0"), "")} -> 110 | DZ9: {=IFERROR(IF(AND(INDEX($E$8:$CE$57, MATCH($C9, $C$8:$C$57, 0), (COLUMNS($DU9:DZ9)-1)*5 + 1) = INDEX($E$5:$CE$5, 1, (COLUMNS($DU9:DZ9)-1)*5 + 1), INDEX($E$8:$CE$57, MATCH($C9, $C$8:$C$57, 0), (COLUMNS($DU9:DZ9)-1)*5 + 4) = "SF"), INDEX($CZ$8:$CZ$23, COLUMNS($DU9:DZ9)), "0"), "")} -> 0 | EA9: {=IFERROR(IF(AND(INDEX($E$8:$CE$57, MATCH($C9, $C$8:$C$57, 0), (COLUMNS($DU9:EA9)-1)*5 + 1) = INDEX($E$5:$CE$5, 1, (COLUMNS($DU9:EA9)-1)*5 + 1), INDEX($E$8:$CE$57, MATCH($C9, $C$8:$C$57, 0), (COLUMNS($DU9:EA9)-1)*5 + 4) = "SF"), INDEX($CZ$8:$CZ$23, COLUMNS($DU9:EA9)), "0"), "")} -> 0 | EB9: {=IFERROR(IF(AND(INDEX($E$8:$CE$57, MATCH($C9, $C$8:$C$57, 0), (COLUMNS($DU9:EB9)-1)*5 + 1) = INDEX($E$5:$CE$5, 1, (COLUMNS($DU9:EB9)-1)*5 + 1), INDEX($E$8:$CE$57, MATCH($C9, $C$8:$C$57, 0), (COLUMNS($DU9:EB9)-1)*5 + 4) = "SF"), INDEX($CZ$8:$CZ$23, COLUMNS($DU9:EB9)), "0"), "")} -> 0 | ... EJ9: {=IFERROR(IF(AND(INDEX($E$8:$CE$57, MATCH($C9, $C$8:$C$57, 0), (COLUMNS($DU9:EJ9)-1)*5 + 1) = INDEX($E$5:$CE$5, 1, (COLUMNS($DU9:EJ9)-1)*5 + 1), INDEX($E$8:$CE$57, MATCH($C9, $C$8:$C$57, 0), (COLUMNS($DU9:EJ9)-1)*5 + 4) = "SF"), INDEX($CZ$8:$CZ$23, COLUMNS($DU9:EJ9)), "0"), "")} -> 0
B10: =IF(BASE01[[#This Row],[COD]]<>"",B9+1,"") -> 3 | C10: COD 03 | D10: {=IF(BASE01[[#This Row],[COD]]="","",_xlfn.IFS(_xlfn.XLOOKUP(BASE01[[#This Row],[COD]],CODIGOS_Y_PAGOS[CODIGO],CODIGOS_Y_PAGOS[06/09/2026],"")="X","PREMIO",_xlfn.XLOOKUP(BASE01[[#This Row],[COD]],CODIGOS_Y_PAGOS[CODIGO],CODIGOS_Y_PAGOS[06/09/2026],"")="","NO ENVIÓ",_xlfn.XLOOKUP(BASE01[[#This Row],[COD]],CODIGOS_Y_PAGOS[CODIGO],CODIGOS_Y_PAGOS[06/09/2026],"")=0,"MEETING",_xlfn.XLOOKUP(BASE01[[#This Row],[COD]],CODIGOS_Y_PAGOS[CODIGO],CODIGOS_Y_PAGOS[06/09/2026],"")="O","PREMIO",_xlfn.XLOOKUP(BASE01[[#This Row],[COD]],CODIGOS_Y_PAGOS[CODIGO],CODIGOS_Y_PAGOS[06/09/2026],"")="-","PAGO PENDIENTE"))} -> PREMIO | E10: 6 | F10: 1 | G10: 8 | I10: =SUM(IF(E10=E$5,4,0),IF(E10&F10=E$5&F$5,1,0), IF(AND(E10=E$5,F$6>=$D$115),1,0), IF(AND(F10=E$5,F$6>=$D$115),1,0), IF(AND(G10=E$5,F$6>=$D$115),1,0), IF(E10&H10=I$5,1,0), IF(F10=E$5,2,0), IF(G10=E$5,1,0), IF(OR(E10&F10&G10=E$5&F$5&G$5,E10&F10&G10=E$5&G$5&F$5,E10&F10&G10=F$5&E$5&G$5,E10&F10&G10=F$5&G$5&E$5,E10&F10&G10=G$5&E$5&F$5,E10&F10&G10=G$5&F$5&E$5),2,0),IF(AND(E10=E$5,F$6>=$D$129),1,0),IF(AND(F10=E$5,F$6>=$D$129),1,0),IF(AND(G10=E$5,F$6>=$D$129),1,0),IF(E10&H10=H$5,4,0),IF(AND(E10=E$5,F$6<=$D$104),-0.5,0),IF(AND(F10=E$5,F$6<=$D$104),-0.5,0),IF(AND(G10=E$5,F$6<=$D$104),-0.5,0)) -> 1 | J10: 7 | K10: 8 | L10: 3 | N10: =SUM(IF(J10=J$5,4,0),IF(J10&K10=J$5&K$5,1,0), IF(AND(J10=J$5,K$6>=$D$115),1,0), IF(AND(K10=J$5,K$6>=$D$115),1,0), IF(AND(L10=J$5,K$6>=$D$115),1,0), IF(J10&M10=N$5,1,0), IF(K10=J$5,2,0), IF(L10=J$5,1,0), IF(OR(J10&K10&L10=J$5&K$5&L$5,J10&K10&L10=J$5&L$5&K$5,J10&K10&L10=K$5&J$5&L$5,J10&K10&L10=K$5&L$5&J$5,J10&K10&L10=L$5&J$5&K$5,J10&K10&L10=L$5&K$5&J$5),2,0),IF(AND(J10=J$5,K$6>=$D$129),1,0),IF(AND(K10=J$5,K$6>=$D$129),1,0),IF(AND(L10=J$5,K$6>=$D$129),1,0),IF(J10&M10=M$5,4,0),IF(AND(J10=J$5,K$6<=$D$104),-0.5,0),IF(AND(K10=J$5,K$6<=$D$104),-0.5,0),IF(AND(L10=J$5,K$6<=$D$104),-0.5,0)) -> 1 | O10: 8 | P10: 6 | Q10: 3 | S10: =SUM(IF(O10=O$5,4,0),IF(O10&P10=O$5&P$5,1,0), IF(AND(O10=O$5,P$6>=$D$115),1,0), IF(AND(P10=O$5,P$6>=$D$115),1,0), IF(AND(Q10=O$5,P$6>=$D$115),1,0), IF(O10&R10=S$5,1,0), IF(P10=O$5,2,0), IF(Q10=O$5,1,0), IF(OR(O10&P10&Q10=O$5&P$5&Q$5,O10&P10&Q10=O$5&Q$5&P$5,O10&P10&Q10=P$5&O$5&Q$5,O10&P10&Q10=P$5&Q$5&O$5,O10&P10&Q10=Q$5&O$5&P$5,O10&P10&Q10=Q$5&P$5&O$5),2,0),IF(AND(O10=O$5,P$6>=$D$129),1,0),IF(AND(P10=O$5,P$6>=$D$129),1,0),IF(AND(Q10=O$5,P$6>=$D$129),1,0),IF(O10&R10=R$5,4,0),IF(AND(O10=O$5,P$6<=$D$104),-0.5,0),IF(AND(P10=O$5,P$6<=$D$104),-0.5,0),IF(AND(Q10=O$5,P$6<=$D$104),-0.5,0)) -> 2 | T10: 6 | U10: 7 | V10: 4 | X10: =SUM(IF(T10=T$5,4,0),IF(T10&U10=T$5&U$5,1,0), IF(AND(T10=T$5,U$6>=$D$115),1,0), IF(AND(U10=T$5,U$6>=$D$115),1,0), IF(AND(V10=T$5,U$6>=$D$115),1,0), IF(T10&W10=X$5,1,0), IF(U10=T$5,2,0), IF(V10=T$5,1,0), IF(OR(T10&U10&V10=T$5&U$5&V$5,T10&U10&V10=T$5&V$5&U$5,T10&U10&V10=U$5&T$5&V$5,T10&U10&V10=U$5&V$5&T$5,T10&U10&V10=V$5&T$5&U$5,T10&U10&V10=V$5&U$5&T$5),2,0),IF(AND(T10=T$5,U$6>=$D$129),1,0),IF(AND(U10=T$5,U$6>=$D$129),1,0),IF(AND(V10=T$5,U$6>=$D$129),1,0),IF(T10&W10=W$5,4,0),IF(AND(T10=T$5,U$6<=$D$104),-0.5,0),IF(AND(U10=T$5,U$6<=$D$104),-0.5,0),IF(AND(V10=T$5,U$6<=$D$104),-0.5,0)) -> 3.5 | Y10: 5 | AB10: SF | AC10: =SUM(IF(Y10=Y$5,4,0),IF(Y10&Z10=Y$5&Z$5,1,0), IF(AND(Y10=Y$5,Z$6>=$D$115),1,0), IF(AND(Z10=Y$5,Z$6>=$D$115),1,0), IF(AND(AA10=Y$5,Z$6>=$D$115),1,0), IF(Y10&AB10=AC$5,1,0), IF(Z10=Y$5,2,0), IF(AA10=Y$5,1,0), IF(OR(Y10&Z10&AA10=Y$5&Z$5&AA$5,Y10&Z10&AA10=Y$5&AA$5&Z$5,Y10&Z10&AA10=Z$5&Y$5&AA$5,Y10&Z10&AA10=Z$5&AA$5&Y$5,Y10&Z10&AA10=AA$5&Y$5&Z$5,Y10&Z10&AA10=AA$5&Z$5&Y$5),2,0),IF(AND(Y10=Y$5,Z$6>=$D$129),1,0),IF(AND(Z10=Y$5,Z$6>=$D$129),1,0),IF(AND(AA10=Y$5,Z$6>=$D$129),1,0),IF(Y10&AB10=AB$5,4,0),IF(AND(Y10=Y$5,Z$6<=$D$104),-0.5,0),IF(AND(Z10=Y$5,Z$6<=$D$104),-0.5,0),IF(AND(AA10=Y$5,Z$6<=$D$104),-0.5,0)) -> 7.5 | AD10: 2 | AE10: 5 | AF10: 4 | AH10: =SUM(IF(AD10=AD$5,4,0),IF(AD10&AE10=AD$5&AE$5,1,0), IF(AND(AD10=AD$5,AE$6>=$D$115),1,0), IF(AND(AE10=AD$5,AE$6>=$D$115),1,0), IF(AND(AF10=AD$5,AE$6>=$D$115),1,0), IF(AD10&AG10=AH$5,1,0), IF(AE10=AD$5,2,0), IF(AF10=AD$5,1,0), IF(OR(AD10&AE10&AF10=AD$5&AE$5&AF$5,AD10&AE10&AF10=AD$5&AF$5&AE$5,AD10&AE10&AF10=AE$5&AD$5&AF$5,AD10&AE10&AF10=AE$5&AF$5&AD$5,AD10&AE10&AF10=AF$5&AD$5&AE$5,AD10&AE10&AF10=AF$5&AE$5&AD$5),2,0),IF(AND(AD10=AD$5,AE$6>=$D$129),1,0),IF(AND(AE10=AD$5,AE$6>=$D$129),1,0),IF(AND(AF10=AD$5,AE$6>=$D$129),1,0),IF(AD10&AG10=AG$5,4,0),IF(AND(AD10=AD$5,AE$6<=$D$104),-0.5,0),IF(AND(AE10=AD$5,AE$6<=$D$104),-0.5,0),IF(AND(AF10=AD$5,AE$6<=$D$104),-0.5,0)) -> 5 | AI10: 7 | AJ10: 4 | AK10: 3 | AL10: F | AM10: =SUM(IF(AI10=AI$5,4,0),IF(AI10&AJ10=AI$5&AJ$5,1,0), IF(AND(AI10=AI$5,AJ$6>=$D$115),1,0), IF(AND(AJ10=AI$5,AJ$6>=$D$115),1,0), IF(AND(AK10=AI$5,AJ$6>=$D$115),1,0), IF(AI10&AL10=AM$5,1,0), IF(AJ10=AI$5,2,0), IF(AK10=AI$5,1,0), IF(OR(AI10&AJ10&AK10=AI$5&AJ$5&AK$5,AI10&AJ10&AK10=AI$5&AK$5&AJ$5,AI10&AJ10&AK10=AJ$5&AI$5&AK$5,AI10&AJ10&AK10=AJ$5&AK$5&AI$5,AI10&AJ10&AK10=AK$5&AI$5&AJ$5,AI10&AJ10&AK10=AK$5&AJ$5&AI$5),2,0),IF(AND(AI10=AI$5,AJ$6>=$D$129),1,0),IF(AND(AJ10=AI$5,AJ$6>=$D$129),1,0),IF(AND(AK10=AI$5,AJ$6>=$D$129),1,0),IF(AI10&AL10=AL$5,4,0),IF(AND(AI10=AI$5,AJ$6<=$D$104),-0.5,0),IF(AND(AJ10=AI$5,AJ$6<=$D$104),-0.5,0),IF(AND(AK10=AI$5,AJ$6<=$D$104),-0.5,0)) -> 2 | AN10: 11 | AO10: 8 | AP10: 5 | AR10: =SUM(IF(AN10=AN$5,4,0),IF(AN10&AO10=AN$5&AO$5,1,0), IF(AND(AN10=AN$5,AO$6>=$D$115),1,0), IF(AND(AO10=AN$5,AO$6>=$D$115),1,0), IF(AND(AP10=AN$5,AO$6>=$D$115),1,0), IF(AN10&AQ10=AR$5,1,0), IF(AO10=AN$5,2,0), IF(AP10=AN$5,1,0), IF(OR(AN10&AO10&AP10=AN$5&AO$5&AP$5,AN10&AO10&AP10=AN$5&AP$5&AO$5,AN10&AO10&AP10=AO$5&AN$5&AP$5,AN10&AO10&AP10=AO$5&AP$5&AN$5,AN10&AO10&AP10=AP$5&AN$5&AO$5,AN10&AO10&AP10=AP$5&AO$5&AN$5),2,0),IF(AND(AN10=AN$5,AO$6>=$D$129),1,0),IF(AND(AO10=AN$5,AO$6>=$D$129),1,0),IF(AND(AP10=AN$5,AO$6>=$D$129),1,0),IF(AN10&AQ10=AQ$5,4,0),IF(AND(AN10=AN$5,AO$6<=$D$104),-0.5,0),IF(AND(AO10=AN$5,AO$6<=$D$104),-0.5,0),IF(AND(AP10=AN$5,AO$6<=$D$104),-0.5,0)) -> 2 | AS10: 1 | AT10: 2 | AU10: 3 | AW10: =SUM(IF(AS10=AS$5,4,0),IF(AS10&AT10=AS$5&AT$5,1,0), IF(AND(AS10=AS$5,AT$6>=$D$115),1,0), IF(AND(AT10=AS$5,AT$6>=$D$115),1,0), IF(AND(AU10=AS$5,AT$6>=$D$115),1,0), IF(AS10&AV10=AW$5,1,0), IF(AT10=AS$5,2,0), IF(AU10=AS$5,1,0), IF(OR(AS10&AT10&AU10=AS$5&AT$5&AU$5,AS10&AT10&AU10=AS$5&AU$5&AT$5,AS10&AT10&AU10=AT$5&AS$5&AU$5,AS10&AT10&AU10=AT$5&AU$5&AS$5,AS10&AT10&AU10=AU$5&AS$5&AT$5,AS10&AT10&AU10=AU$5&AT$5&AS$5),2,0),IF(AND(AS10=AS$5,AT$6>=$D$129),1,0),IF(AND(AT10=AS$5,AT$6>=$D$129),1,0),IF(AND(AU10=AS$5,AT$6>=$D$129),1,0),IF(AS10&AV10=AV$5,4,0),IF(AND(AS10=AS$5,AT$6<=$D$104),-0.5,0),IF(AND(AT10=AS$5,AT$6<=$D$104),-0.5,0),IF(AND(AU10=AS$5,AT$6<=$D$104),-0.5,0)) -> 0 | AX10: 9 | AY10: 3 | AZ10: 1 | BB10: =SUM(IF(AX10=AX$5,4,0),IF(AX10&AY10=AX$5&AY$5,1,0), IF(AND(AX10=AX$5,AY$6>=$D$115),1,0), IF(AND(AY10=AX$5,AY$6>=$D$115),1,0), IF(AND(AZ10=AX$5,AY$6>=$D$115),1,0), IF(AX10&BA10=BB$5,1,0), IF(AY10=AX$5,2,0), IF(AZ10=AX$5,1,0), IF(OR(AX10&AY10&AZ10=AX$5&AY$5&AZ$5,AX10&AY10&AZ10=AX$5&AZ$5&AY$5,AX10&AY10&AZ10=AY$5&AX$5&AZ$5,AX10&AY10&AZ10=AY$5&AZ$5&AX$5,AX10&AY10&AZ10=AZ$5&AX$5&AY$5,AX10&AY10&AZ10=AZ$5&AY$5&AX$5),2,0),IF(AND(AX10=AX$5,AY$6>=$D$129),1,0),IF(AND(AY10=AX$5,AY$6>=$D$129),1,0),IF(AND(AZ10=AX$5,AY$6>=$D$129),1,0),IF(AX10&BA10=BA$5,4,0),IF(AND(AX10=AX$5,AY$6<=$D$104),-0.5,0),IF(AND(AY10=AX$5,AY$6<=$D$104),-0.5,0),IF(AND(AZ10=AX$5,AY$6<=$D$104),-0.5,0)) -> 1 | BC10: 4 | BD10: 8 | BE10: 2 | BF10: F | BG10: =SUM(IF(BC10=BC$5,4,0),IF(BC10&BD10=BC$5&BD$5,1,0), IF(AND(BC10=BC$5,BD$6>=$D$115),1,0), IF(AND(BD10=BC$5,BD$6>=$D$115),1,0), IF(AND(BE10=BC$5,BD$6>=$D$115),1,0), IF(BC10&BF10=BG$5,1,0), IF(BD10=BC$5,2,0), IF(BE10=BC$5,1,0), IF(OR(BC10&BD10&BE10=BC$5&BD$5&BE$5,BC10&BD10&BE10=BC$5&BE$5&BD$5,BC10&BD10&BE10=BD$5&BC$5&BE$5,BC10&BD10&BE10=BD$5&BE$5&BC$5,BC10&BD10&BE10=BE$5&BC$5&BD$5,BC10&BD10&BE10=BE$5&BD$5&BC$5),2,0),IF(AND(BC10=BC$5,BD$6>=$D$129),1,0),IF(AND(BD10=BC$5,BD$6>=$D$129),1,0),IF(AND(BE10=BC$5,BD$6>=$D$129),1,0),IF(BC10&BF10=BF$5,4,0),IF(AND(BC10=BC$5,BD$6<=$D$104),-0.5,0),IF(AND(BD10=BC$5,BD$6<=$D$104),-0.5,0),IF(AND(BE10=BC$5,BD$6<=$D$104),-0.5,0)) -> 5 | BH10: 5 | BI10: 6 | BJ10: 1 | BL10: =SUM(IF(BH10=BH$5,4,0),IF(BH10&BI10=BH$5&BI$5,1,0), IF(AND(BH10=BH$5,BI$6>=$D$115),1,0), IF(AND(BI10=BH$5,BI$6>=$D$115),1,0), IF(AND(BJ10=BH$5,BI$6>=$D$115),1,0), IF(BH10&BK10=BL$5,1,0), IF(BI10=BH$5,2,0), IF(BJ10=BH$5,1,0), IF(OR(BH10&BI10&BJ10=BH$5&BI$5&BJ$5,BH10&BI10&BJ10=BH$5&BJ$5&BI$5,BH10&BI10&BJ10=BI$5&BH$5&BJ$5,BH10&BI10&BJ10=BI$5&BJ$5&BH$5,BH10&BI10&BJ10=BJ$5&BH$5&BI$5,BH10&BI10&BJ10=BJ$5&BI$5&BH$5),2,0),IF(AND(BH10=BH$5,BI$6>=$D$129),1,0),IF(AND(BI10=BH$5,BI$6>=$D$129),1,0),IF(AND(BJ10=BH$5,BI$6>=$D$129),1,0),IF(BH10&BK10=BK$5,4,0),IF(AND(BH10=BH$5,BI$6<=$D$104),-0.5,0),IF(AND(BI10=BH$5,BI$6<=$D$104),-0.5,0),IF(AND(BJ10=BH$5,BI$6<=$D$104),-0.5,0)) -> 0 | BM10: 1 | BN10: 12 | BO10: 4 | BQ10: =SUM(IF(BM10=BM$5,4,0),IF(BM10&BN10=BM$5&BN$5,1,0), IF(AND(BM10=BM$5,BN$6>=$D$115),1,0), IF(AND(BN10=BM$5,BN$6>=$D$115),1,0), IF(AND(BO10=BM$5,BN$6>=$D$115),1,0), IF(BM10&BP10=BQ$5,1,0), IF(BN10=BM$5,2,0), IF(BO10=BM$5,1,0), IF(OR(BM10&BN10&BO10=BM$5&BN$5&BO$5,BM10&BN10&BO10=BM$5&BO$5&BN$5,BM10&BN10&BO10=BN$5&BM$5&BO$5,BM10&BN10&BO10=BN$5&BO$5&BM$5,BM10&BN10&BO10=BO$5&BM$5&BN$5,BM10&BN10&BO10=BO$5&BN$5&BM$5),2,0),IF(AND(BM10=BM$5,BN$6>=$D$129),1,0),IF(AND(BN10=BM$5,BN$6>=$D$129),1,0),IF(AND(BO10=BM$5,BN$6>=$D$129),1,0),IF(BM10&BP10=BP$5,4,0),IF(AND(BM10=BM$5,BN$6<=$D$104),-0.5,0),IF(AND(BN10=BM$5,BN$6<=$D$104),-0.5,0),IF(AND(BO10=BM$5,BN$6<=$D$104),-0.5,0)) -> 0 | BV10: =SUM(IF(BR10=BR$5,4,0),IF(BR10&BS10=BR$5&BS$5,1,0), IF(AND(BR10=BR$5,BS$6>=$D$115),1,0), IF(AND(BS10=BR$5,BS$6>=$D$115),1,0), IF(AND(BT10=BR$5,BS$6>=$D$115),1,0), IF(BR10&BU10=BV$5,1,0), IF(BS10=BR$5,2,0), IF(BT10=BR$5,1,0), IF(OR(BR10&BS10&BT10=BR$5&BS$5&BT$5,BR10&BS10&BT10=BR$5&BT$5&BS$5,BR10&BS10&BT10=BS$5&BR$5&BT$5,BR10&BS10&BT10=BS$5&BT$5&BR$5,BR10&BS10&BT10=BT$5&BR$5&BS$5,BR10&BS10&BT10=BT$5&BS$5&BR$5),2,0),IF(AND(BR10=BR$5,BS$6>=$D$129),1,0),IF(AND(BS10=BR$5,BS$6>=$D$129),1,0),IF(AND(BT10=BR$5,BS$6>=$D$129),1,0),IF(BR10&BU10=BU$5,4,0),IF(AND(BR10=BR$5,BS$6<=$D$104),-0.5,0),IF(AND(BS10=BR$5,BS$6<=$D$104),-0.5,0),IF(AND(BT10=BR$5,BS$6<=$D$104),-0.5,0)) -> 0 | CA10: =SUM(IF(BW10=BW$5,4,0),IF(BW10&BX10=BW$5&BX$5,1,0), IF(AND(BW10=BW$5,BX$6>=$D$115),1,0), IF(AND(BX10=BW$5,BX$6>=$D$115),1,0), IF(AND(BY10=BW$5,BX$6>=$D$115),1,0), IF(BW10&BZ10=CA$5,1,0), IF(BX10=BW$5,2,0), IF(BY10=BW$5,1,0), IF(OR(BW10&BX10&BY10=BW$5&BX$5&BY$5,BW10&BX10&BY10=BW$5&BY$5&BX$5,BW10&BX10&BY10=BX$5&BW$5&BY$5,BW10&BX10&BY10=BX$5&BY$5&BW$5,BW10&BX10&BY10=BY$5&BW$5&BX$5,BW10&BX10&BY10=BY$5&BX$5&BW$5),2,0),IF(AND(BW10=BW$5,BX$6>=$D$129),1,0),IF(AND(BX10=BW$5,BX$6>=$D$129),1,0),IF(AND(BY10=BW$5,BX$6>=$D$129),1,0),IF(BW10&BZ10=BZ$5,4,0),IF(AND(BW10=BW$5,BX$6<=$D$104),-0.5,0),IF(AND(BX10=BW$5,BX$6<=$D$104),-0.5,0),IF(AND(BY10=BW$5,BX$6<=$D$104),-0.5,0)) -> 0 | CF10: =SUM(IF(CB10=CB$5,4,0),IF(CB10&CC10=CB$5&CC$5,1,0), IF(AND(CB10=CB$5,CC$6>=$D$115),1,0), IF(AND(CC10=CB$5,CC$6>=$D$115),1,0), IF(AND(CD10=CB$5,CC$6>=$D$115),1,0), IF(CB10&CE10=CF$5,1,0), IF(CC10=CB$5,2,0), IF(CD10=CB$5,1,0), IF(OR(CB10&CC10&CD10=CB$5&CC$5&CD$5,CB10&CC10&CD10=CB$5&CD$5&CC$5,CB10&CC10&CD10=CC$5&CB$5&CD$5,CB10&CC10&CD10=CC$5&CD$5&CB$5,CB10&CC10&CD10=CD$5&CB$5&CC$5,CB10&CC10&CD10=CD$5&CC$5&CB$5),2,0),IF(AND(CB10=CB$5,CC$6>=$D$129),1,0),IF(AND(CC10=CB$5,CC$6>=$D$129),1,0),IF(AND(CD10=CB$5,CC$6>=$D$129),1,0),IF(CB10&CE10=CE$5,4,0),IF(AND(CB10=CB$5,CC$6<=$D$104),-0.5,0),IF(AND(CC10=CB$5,CC$6<=$D$104),-0.5,0),IF(AND(CD10=CB$5,CC$6<=$D$104),-0.5,0)) -> 0 | CG10: =IF(BASE01[[#This Row],[1]]="",0,$B$4) -> 13 | CH10: =COUNTIF(BASE01[[#This Row],[1]],$E$5)+COUNTIF(BASE01[[#This Row],[12]],$J$5)+COUNTIF(BASE01[[#This Row],[Columna4]],$O$5)+COUNTIF(BASE01[[#This Row],[Columna7]],$T$5)+COUNTIF(BASE01[[#This Row],[Columna10]],$Y$5)+COUNTIF(BASE01[[#This Row],[1RA]],$AD$5)+COUNTIF(BASE01[[#This Row],[Columna16]],$AI$5)+COUNTIF(BASE01[[#This Row],[123]],$AN$5)+COUNTIF(BASE01[[#This Row],[AAAA]],$AS$5)+COUNTIF(BASE01[[#This Row],[Columna25]],$AX$5)+COUNTIF(BASE01[[#This Row],[Columna272]],$BC$5)+COUNTIF(BASE01[[#This Row],[Columna276]],$BH$5)+COUNTIF(BASE01[[#This Row],[Columna280]],$BM$5)+COUNTIF(BASE01[[#This Row],[Columna2802]],$BR$5)+COUNTIF(BASE01[[#This Row],[Columna2803]],$BW$5)+COUNTIF(BASE01[[#This Row],[Columna2804]],$CB$5) -> 4 | CI10: =IF(BASE01[[#This Row],[Columna14]]=0,0,(CH10/CG10)) -> 0.30769231 | CJ10: =IF(BASE01[[#This Row],[1]]="",0,$B$4) -> 13 | CK10: =COUNTIF(BASE01[[#This Row],[1]]:BASE01[[#This Row],[2]],$E$5)+COUNTIF(BASE01[[#This Row],[12]]:BASE01[[#This Row],[Columna2]],$J$5)+COUNTIF(BASE01[[#This Row],[Columna4]]:BASE01[[#This Row],[Columna5]],$O$5)+COUNTIF(BASE01[[#This Row],[Columna7]]:BASE01[[#This Row],[Columna8]],$T$5)+COUNTIF(BASE01[[#This Row],[Columna10]]:BASE01[[#This Row],[Columna11]],$Y$5)+COUNTIF(BASE01[[#This Row],[1RA]]:BASE01[[#This Row],[2DA]],$AD$5)+COUNTIF(BASE01[[#This Row],[Columna16]:[Columna17]],$AI$5)+COUNTIF(BASE01[[#This Row],[123]:[555]],$AN$5)+COUNTIF(BASE01[[#This Row],[AAAA]]:BASE01[[#This Row],[BBBB]],$AS$5)+COUNTIF(BASE01[[#This Row],[Columna25]]:BASE01[[#This Row],[Columna26]],$AX$5)+COUNTIF(BASE01[[#This Row],[Columna272]]:BASE01[[#This Row],[Columna273]],$BC$5)+COUNTIF(BASE01[[#This Row],[Columna276]]:BASE01[[#This Row],[Columna277]],$BH$5)+COUNTIF(BASE01[[#This Row],[Columna280]]:BASE01[[#This Row],[Columna281]],$BM$5)+COUNTIF(BASE01[[#This Row],[Columna2802]]:BASE01[[#This Row],[Columna2813]],$BR$5)+COUNTIF(BASE01[[#This Row],[Columna2803]:[Columna2814]],$BW$5)+COUNTIF(BASE01[[#This Row],[Columna2804]:[Columna2815]],$CB$5) -> 6 | CL10: =IF(BASE01[[#This Row],[Columna14]]=0,0,(CK10/CJ10)) -> 0.46153846 | CM10: =IF(BASE01[[#This Row],[1]]="",0,$B$4) -> 13 | CN10: =COUNTIF(BASE01[[#This Row],[1]:[22]],$E$5)+COUNTIF(BASE01[[#This Row],[12]:[Columna23]],$J$5)+COUNTIF(BASE01[[#This Row],[Columna4]:[Columna53]],$O$5)+COUNTIF(BASE01[[#This Row],[Columna7]:[Columna83]],$T$5)+COUNTIF(BASE01[[#This Row],[Columna10]:[Columna113]],$Y$5)+COUNTIF(BASE01[[#This Row],[1RA]:[2DA2]],$AD$5)+COUNTIF(BASE01[[#This Row],[Columna16]:[Columna173]],$AI$5)+COUNTIF(BASE01[[#This Row],[123]:[556]],$AN$5)+COUNTIF(BASE01[[#This Row],[AAAA]:[Columna13]],$AS$5)+COUNTIF(BASE01[[#This Row],[Columna25]:[Columna263]],$AX$5)+COUNTIF(BASE01[[#This Row],[Columna272]:[Columna2732]],$BC$5)+COUNTIF(BASE01[[#This Row],[Columna276]:[Columna2772]],$BH$5)+COUNTIF(BASE01[[#This Row],[Columna280]:[Columna2812]],$BM$5)+COUNTIF(BASE01[[#This Row],[Columna2802]:[Columna28124]],$BR$5)+COUNTIF(BASE01[[#This Row],[Columna2803]:[Columna28125]],$BW$5)+COUNTIF(BASE01[[#This Row],[Columna2804]:[Columna28126]],$CB$5) -> 10 | CO10: =IF(BASE01[[#This Row],[Columna14]]=0,0,(CN10/CM10)) -> 0.76923077 | CP10: =SUM( (AND(OR(BASE01[[#This Row],[3]]="F", BASE01[[#This Row],[3]]="SF"), F$6<>"")), (AND(OR(BASE01[[#This Row],[Columna28]]="F", BASE01[[#This Row],[Columna28]]="SF"), K$6<>"")), (AND(OR(BASE01[[#This Row],[Columna52]]="F", BASE01[[#This Row],[Columna52]]="SF"), P$6<>"")), (AND(OR(BASE01[[#This Row],[Columna82]]="F", BASE01[[#This Row],[Columna82]]="SF"), U$6<>"")), (AND(OR(BASE01[[#This Row],[Columna112]]="F", BASE01[[#This Row],[Columna112]]="SF"), Z$6<>"")), (AND(OR(BASE01[[#This Row],[3RA]]="F", BASE01[[#This Row],[3RA]]="SF"), AE$6<>"")), (AND(OR(BASE01[[#This Row],[Columna172]]="F",BASE01[[#This Row],[Columna172]]="SF"), AJ$6<>"")), (AND(OR(BASE01[[#This Row],[111]]="F", BASE01[[#This Row],[111]]="SF"), AO$6<>"")), (AND(OR(BASE01[[#This Row],[CCCC]]="F", BASE01[[#This Row],[CCCC]]="SF"), AT$6<>"")), (AND(OR(BASE01[[#This Row],[Columna262]]="F",BASE01[[#This Row],[Columna262]]="SF"), AY$6<>"")), (AND(OR(BASE01[[#This Row],[Columna274]]="F", BASE01[[#This Row],[Columna274]]="SF"), BD$6<>"")), (AND(OR(BASE01[[#This Row],[Columna278]]="F", BASE01[[#This Row],[Columna278]]="SF"), BI$6<>"")), (AND(OR(BASE01[[#This Row],[Columna282]]="F", BASE01[[#This Row],[Columna282]]="SF"), BN$6<>"")), (AND(OR(BASE01[[#This Row],[Columna2825]]="F", BASE01[[#This Row],[Columna2825]]="SF"), BS$6<>"")), (AND(OR(BASE01[[#This Row],[Columna2826]]="F", BASE01[[#This Row],[Columna2826]]="SF"), BX$6<>"")), (AND(OR(BASE01[[#This Row],[Columna2827]]="F", BASE01[[#This Row],[Columna2827]]="SF"), CC$6<>"")) ) -> 3 | CQ10: =COUNTIFS(BASE01[[#This Row],[1]],$E$5,BASE01[[#This Row],[3]],"F")+COUNTIFS(BASE01[[#This Row],[12]],$J$5,BASE01[[#This Row],[Columna28]],"F")+COUNTIFS(BASE01[[#This Row],[Columna4]],$O$5,BASE01[[#This Row],[Columna52]],"F")+COUNTIFS(BASE01[[#This Row],[Columna7]],$T$5,BASE01[[#This Row],[Columna82]],"F")+COUNTIFS(BASE01[[#This Row],[Columna10]],$Y$5,BASE01[[#This Row],[Columna112]],"F")+COUNTIFS(BASE01[[#This Row],[1RA]],$AD$5,BASE01[[#This Row],[3RA]],"F")+COUNTIFS(BASE01[[#This Row],[Columna16]],$AI$5,BASE01[[#This Row],[Columna172]],"F")+COUNTIFS(BASE01[[#This Row],[123]],$AN$5,BASE01[[#This Row],[111]],"F")+COUNTIFS(BASE01[[#This Row],[AAAA]],$AS$5,BASE01[[#This Row],[CCCC]],"F")+COUNTIFS(BASE01[[#This Row],[Columna25]],$AX$5,BASE01[[#This Row],[Columna262]],"F")+COUNTIFS(BASE01[[#This Row],[Columna272]],$BC$5,BASE01[[#This Row],[Columna274]],"F")+COUNTIFS(BASE01[[#This Row],[Columna276]],$BH$5,BASE01[[#This Row],[Columna278]],"F")+COUNTIFS(BASE01[[#This Row],[Columna280]],$BM$5,BASE01[[#This Row],[Columna282]],"F")+COUNTIFS(BASE01[[#This Row],[1]],$E$5,BASE01[[#This Row],[3]],"SF")+COUNTIFS(BASE01[[#This Row],[12]],$J$5,BASE01[[#This Row],[Columna28]],"SF")+COUNTIFS(BASE01[[#This Row],[Columna4]],$O$5,BASE01[[#This Row],[Columna52]],"SF")+COUNTIFS(BASE01[[#This Row],[Columna7]],$T$5,BASE01[[#This Row],[Columna82]],"SF")+COUNTIFS(BASE01[[#This Row],[Columna10]],$Y$5,BASE01[[#This Row],[Columna112]],"SF")+COUNTIFS(BASE01[[#This Row],[1RA]],$AD$5,BASE01[[#This Row],[3RA]],"SF")+COUNTIFS(BASE01[[#This Row],[Columna16]],$AI$5,BASE01[[#This Row],[Columna172]],"SF")+COUNTIFS(BASE01[[#This Row],[123]],$AN$5,BASE01[[#This Row],[111]],"SF")+COUNTIFS(BASE01[[#This Row],[AAAA]],$AS$5,BASE01[[#This Row],[CCCC]],"SF")+COUNTIFS(BASE01[[#This Row],[Columna25]],$AX$5,BA10,"SF")+COUNTIFS(BASE01[[#This Row],[Columna272]],$BC$5,BASE01[[#This Row],[Columna274]],"SF")+COUNTIFS(BASE01[[#This Row],[Columna276]],$BH$5,BASE01[[#This Row],[Columna278]],"SF")+COUNTIFS(BASE01[[#This Row],[Columna280]],$BM$5,BASE01[[#This Row],[Columna282]],"SF") -> 2 | CR10: =IF(BASE01[[#This Row],[Columna14]]=0,0,(CQ10/CP10)) -> 0.66666667 | CS10: =SUM(BASE01[[#This Row],[PTS]],BASE01[[#This Row],[Columna3]],BASE01[[#This Row],[Columna6]],BASE01[[#This Row],[Columna9]],BASE01[[#This Row],[Columna12]],BASE01[[#This Row],[Columna15]],BASE01[[#This Row],[Columna18]],BASE01[[#This Row],[Columna21]],BASE01[[#This Row],[Columna24]],BASE01[[#This Row],[Columna27]],BASE01[[#This Row],[Columna275]],BASE01[[#This Row],[Columna279]],BASE01[[#This Row],[Columna283]],BASE01[[#This Row],[Columna28310]],BASE01[[#This Row],[Columna2837]],BASE01[[#This Row],[Columna2838]]) -> 30 | CU10: =SUM(CS10,CT10) -> 30 | CV10: =IF(BASE01[[#This Row],[TIPO]]="PREMIO",$O$3,"0,00") -> 1000 | CY10: 3 | CZ10: =P$6 -> 298.11 | DB10: =BASE01[[#This Row],[COD]] -> COD 03 | DC10: {=IFERROR(IF(AND(INDEX($E$8:$CE$57, MATCH($C10, $C$8:$C$57, 0), (COLUMNS($DC10:DC10)-1)*5 + 1) = INDEX($E$5:$CE$5, 1, (COLUMNS($DC10:DC10)-1)*5 + 1), INDEX($E$8:$CE$57, MATCH($C10, $C$8:$C$57, 0), (COLUMNS($DC10:DC10)-1)*5 + 4) = "F"), INDEX($CZ$8:$CZ$23, COLUMNS($DC10:DC10)), "0"), "")} -> 0 | DD10: {=IFERROR(IF(AND(INDEX($E$8:$CE$57, MATCH($C10, $C$8:$C$57, 0), (COLUMNS($DC10:DD10)-1)*5 + 1) = INDEX($E$5:$CE$5, 1, (COLUMNS($DC10:DD10)-1)*5 + 1), INDEX($E$8:$CE$57, MATCH($C10, $C$8:$C$57, 0), (COLUMNS($DC10:DD10)-1)*5 + 4) = "F"), INDEX($CZ$8:$CZ$23, COLUMNS($DC10:DD10)), "0"), "")} -> 0 | DE10: {=IFERROR(IF(AND(INDEX($E$8:$CE$57, MATCH($C10, $C$8:$C$57, 0), (COLUMNS($DC10:DE10)-1)*5 + 1) = INDEX($E$5:$CE$5, 1, (COLUMNS($DC10:DE10)-1)*5 + 1), INDEX($E$8:$CE$57, MATCH($C10, $C$8:$C$57, 0), (COLUMNS($DC10:DE10)-1)*5 + 4) = "F"), INDEX($CZ$8:$CZ$23, COLUMNS($DC10:DE10)), "0"), "")} -> 0 | DF10: {=IFERROR(IF(AND(INDEX($E$8:$CE$57, MATCH($C10, $C$8:$C$57, 0), (COLUMNS($DC10:DF10)-1)*5 + 1) = INDEX($E$5:$CE$5, 1, (COLUMNS($DC10:DF10)-1)*5 + 1), INDEX($E$8:$CE$57, MATCH($C10, $C$8:$C$57, 0), (COLUMNS($DC10:DF10)-1)*5 + 4) = "F"), INDEX($CZ$8:$CZ$23, COLUMNS($DC10:DF10)), "0"), "")} -> 0 | DG10: {=IFERROR(IF(AND(INDEX($E$8:$CE$57, MATCH($C10, $C$8:$C$57, 0), (COLUMNS($DC10:DG10)-1)*5 + 1) = INDEX($E$5:$CE$5, 1, (COLUMNS($DC10:DG10)-1)*5 + 1), INDEX($E$8:$CE$57, MATCH($C10, $C$8:$C$57, 0), (COLUMNS($DC10:DG10)-1)*5 + 4) = "F"), INDEX($CZ$8:$CZ$23, COLUMNS($DC10:DG10)), "0"), "")} -> 0 | DH10: {=IFERROR(IF(AND(INDEX($E$8:$CE$57, MATCH($C10, $C$8:$C$57, 0), (COLUMNS($DC10:DH10)-1)*5 + 1) = INDEX($E$5:$CE$5, 1, (COLUMNS($DC10:DH10)-1)*5 + 1), INDEX($E$8:$CE$57, MATCH($C10, $C$8:$C$57, 0), (COLUMNS($DC10:DH10)-1)*5 + 4) = "F"), INDEX($CZ$8:$CZ$23, COLUMNS($DC10:DH10)), "0"), "")} -> 0 | DI10: {=IFERROR(IF(AND(INDEX($E$8:$CE$57, MATCH($C10, $C$8:$C$57, 0), (COLUMNS($DC10:DI10)-1)*5 + 1) = INDEX($E$5:$CE$5, 1, (COLUMNS($DC10:DI10)-1)*5 + 1), INDEX($E$8:$CE$57, MATCH($C10, $C$8:$C$57, 0), (COLUMNS($DC10:DI10)-1)*5 + 4) = "F"), INDEX($CZ$8:$CZ$23, COLUMNS($DC10:DI10)), "0"), "")} -> 0 | DJ10: {=IFERROR(IF(AND(INDEX($E$8:$CE$57, MATCH($C10, $C$8:$C$57, 0), (COLUMNS($DC10:DJ10)-1)*5 + 1) = INDEX($E$5:$CE$5, 1, (COLUMNS($DC10:DJ10)-1)*5 + 1), INDEX($E$8:$CE$57, MATCH($C10, $C$8:$C$57, 0), (COLUMNS($DC10:DJ10)-1)*5 + 4) = "F"), INDEX($CZ$8:$CZ$23, COLUMNS($DC10:DJ10)), "0"), "")} -> 0 | ... DR10: {=IFERROR(IF(AND(INDEX($E$8:$CE$57, MATCH($C10, $C$8:$C$57, 0), (COLUMNS($DC10:DR10)-1)*5 + 1) = INDEX($E$5:$CE$5, 1, (COLUMNS($DC10:DR10)-1)*5 + 1), INDEX($E$8:$CE$57, MATCH($C10, $C$8:$C$57, 0), (COLUMNS($DC10:DR10)-1)*5 + 4) = "F"), INDEX($CZ$8:$CZ$23, COLUMNS($DC10:DR10)), "0"), "")} -> 0 | DT10: =BASE01[[#This Row],[COD]] -> COD 03 | DU10: {=IFERROR(IF(AND(INDEX($E$8:$CE$57, MATCH($C10, $C$8:$C$57, 0), (COLUMNS($DU10:DU10)-1)*5 + 1) = INDEX($E$5:$CE$5, 1, (COLUMNS($DU10:DU10)-1)*5 + 1), INDEX($E$8:$CE$57, MATCH($C10, $C$8:$C$57, 0), (COLUMNS($DU10:DU10)-1)*5 + 4) = "SF"), INDEX($CZ$8:$CZ$23, COLUMNS($DU10:DU10)), "0"), "")} -> 0 | DV10: {=IFERROR(IF(AND(INDEX($E$8:$CE$57, MATCH($C10, $C$8:$C$57, 0), (COLUMNS($DU10:DV10)-1)*5 + 1) = INDEX($E$5:$CE$5, 1, (COLUMNS($DU10:DV10)-1)*5 + 1), INDEX($E$8:$CE$57, MATCH($C10, $C$8:$C$57, 0), (COLUMNS($DU10:DV10)-1)*5 + 4) = "SF"), INDEX($CZ$8:$CZ$23, COLUMNS($DU10:DV10)), "0"), "")} -> 0 | DW10: {=IFERROR(IF(AND(INDEX($E$8:$CE$57, MATCH($C10, $C$8:$C$57, 0), (COLUMNS($DU10:DW10)-1)*5 + 1) = INDEX($E$5:$CE$5, 1, (COLUMNS($DU10:DW10)-1)*5 + 1), INDEX($E$8:$CE$57, MATCH($C10, $C$8:$C$57, 0), (COLUMNS($DU10:DW10)-1)*5 + 4) = "SF"), INDEX($CZ$8:$CZ$23, COLUMNS($DU10:DW10)), "0"), "")} -> 0 | DX10: {=IFERROR(IF(AND(INDEX($E$8:$CE$57, MATCH($C10, $C$8:$C$57, 0), (COLUMNS($DU10:DX10)-1)*5 + 1) = INDEX($E$5:$CE$5, 1, (COLUMNS($DU10:DX10)-1)*5 + 1), INDEX($E$8:$CE$57, MATCH($C10, $C$8:$C$57, 0), (COLUMNS($DU10:DX10)-1)*5 + 4) = "SF"), INDEX($CZ$8:$CZ$23, COLUMNS($DU10:DX10)), "0"), "")} -> 0 | DY10: {=IFERROR(IF(AND(INDEX($E$8:$CE$57, MATCH($C10, $C$8:$C$57, 0), (COLUMNS($DU10:DY10)-1)*5 + 1) = INDEX($E$5:$CE$5, 1, (COLUMNS($DU10:DY10)-1)*5 + 1), INDEX($E$8:$CE$57, MATCH($C10, $C$8:$C$57, 0), (COLUMNS($DU10:DY10)-1)*5 + 4) = "SF"), INDEX($CZ$8:$CZ$23, COLUMNS($DU10:DY10)), "0"), "")} -> 110 | DZ10: {=IFERROR(IF(AND(INDEX($E$8:$CE$57, MATCH($C10, $C$8:$C$57, 0), (COLUMNS($DU10:DZ10)-1)*5 + 1) = INDEX($E$5:$CE$5, 1, (COLUMNS($DU10:DZ10)-1)*5 + 1), INDEX($E$8:$CE$57, MATCH($C10, $C$8:$C$57, 0), (COLUMNS($DU10:DZ10)-1)*5 + 4) = "SF"), INDEX($CZ$8:$CZ$23, COLUMNS($DU10:DZ10)), "0"), "")} -> 0 | EA10: {=IFERROR(IF(AND(INDEX($E$8:$CE$57, MATCH($C10, $C$8:$C$57, 0), (COLUMNS($DU10:EA10)-1)*5 + 1) = INDEX($E$5:$CE$5, 1, (COLUMNS($DU10:EA10)-1)*5 + 1), INDEX($E$8:$CE$57, MATCH($C10, $C$8:$C$57, 0), (COLUMNS($DU10:EA10)-1)*5 + 4) = "SF"), INDEX($CZ$8:$CZ$23, COLUMNS($DU10:EA10)), "0"), "")} -> 0 | EB10: {=IFERROR(IF(AND(INDEX($E$8:$CE$57, MATCH($C10, $C$8:$C$57, 0), (COLUMNS($DU10:EB10)-1)*5 + 1) = INDEX($E$5:$CE$5, 1, (COLUMNS($DU10:EB10)-1)*5 + 1), INDEX($E$8:$CE$57, MATCH($C10, $C$8:$C$57, 0), (COLUMNS($DU10:EB10)-1)*5 + 4) = "SF"), INDEX($CZ$8:$CZ$23, COLUMNS($DU10:EB10)), "0"), "")} -> 0 | ... EJ10: {=IFERROR(IF(AND(INDEX($E$8:$CE$57, MATCH($C10, $C$8:$C$57, 0), (COLUMNS($DU10:EJ10)-1)*5 + 1) = INDEX($E$5:$CE$5, 1, (COLUMNS($DU10:EJ10)-1)*5 + 1), INDEX($E$8:$CE$57, MATCH($C10, $C$8:$C$57, 0), (COLUMNS($DU10:EJ10)-1)*5 + 4) = "SF"), INDEX($CZ$8:$CZ$23, COLUMNS($DU10:EJ10)), "0"), "")} -> 0
B11: =IF(BASE01[[#This Row],[COD]]<>"",B10+1,"") -> 4 | C11: COD 04 | D11: {=IF(BASE01[[#This Row],[COD]]="","",_xlfn.IFS(_xlfn.XLOOKUP(BASE01[[#This Row],[COD]],CODIGOS_Y_PAGOS[CODIGO],CODIGOS_Y_PAGOS[06/09/2026],"")="X","PREMIO",_xlfn.XLOOKUP(BASE01[[#This Row],[COD]],CODIGOS_Y_PAGOS[CODIGO],CODIGOS_Y_PAGOS[06/09/2026],"")="","NO ENVIÓ",_xlfn.XLOOKUP(BASE01[[#This Row],[COD]],CODIGOS_Y_PAGOS[CODIGO],CODIGOS_Y_PAGOS[06/09/2026],"")=0,"MEETING",_xlfn.XLOOKUP(BASE01[[#This Row],[COD]],CODIGOS_Y_PAGOS[CODIGO],CODIGOS_Y_PAGOS[06/09/2026],"")="O","PREMIO",_xlfn.XLOOKUP(BASE01[[#This Row],[COD]],CODIGOS_Y_PAGOS[CODIGO],CODIGOS_Y_PAGOS[06/09/2026],"")="-","PAGO PENDIENTE"))} -> PREMIO | E11: 1 | F11: 6 | G11: 2 | H11: F | I11: =SUM(IF(E11=E$5,4,0),IF(E11&F11=E$5&F$5,1,0), IF(AND(E11=E$5,F$6>=$D$115),1,0), IF(AND(F11=E$5,F$6>=$D$115),1,0), IF(AND(G11=E$5,F$6>=$D$115),1,0), IF(E11&H11=I$5,1,0), IF(F11=E$5,2,0), IF(G11=E$5,1,0), IF(OR(E11&F11&G11=E$5&F$5&G$5,E11&F11&G11=E$5&G$5&F$5,E11&F11&G11=F$5&E$5&G$5,E11&F11&G11=F$5&G$5&E$5,E11&F11&G11=G$5&E$5&F$5,E11&F11&G11=G$5&F$5&E$5),2,0),IF(AND(E11=E$5,F$6>=$D$129),1,0),IF(AND(F11=E$5,F$6>=$D$129),1,0),IF(AND(G11=E$5,F$6>=$D$129),1,0),IF(E11&H11=H$5,4,0),IF(AND(E11=E$5,F$6<=$D$104),-0.5,0),IF(AND(F11=E$5,F$6<=$D$104),-0.5,0),IF(AND(G11=E$5,F$6<=$D$104),-0.5,0)) -> 0 | J11: 3 | K11: 1 | L11: 8 | N11: =SUM(IF(J11=J$5,4,0),IF(J11&K11=J$5&K$5,1,0), IF(AND(J11=J$5,K$6>=$D$115),1,0), IF(AND(K11=J$5,K$6>=$D$115),1,0), IF(AND(L11=J$5,K$6>=$D$115),1,0), IF(J11&M11=N$5,1,0), IF(K11=J$5,2,0), IF(L11=J$5,1,0), IF(OR(J11&K11&L11=J$5&K$5&L$5,J11&K11&L11=J$5&L$5&K$5,J11&K11&L11=K$5&J$5&L$5,J11&K11&L11=K$5&L$5&J$5,J11&K11&L11=L$5&J$5&K$5,J11&K11&L11=L$5&K$5&J$5),2,0),IF(AND(J11=J$5,K$6>=$D$129),1,0),IF(AND(K11=J$5,K$6>=$D$129),1,0),IF(AND(L11=J$5,K$6>=$D$129),1,0),IF(J11&M11=M$5,4,0),IF(AND(J11=J$5,K$6<=$D$104),-0.5,0),IF(AND(K11=J$5,K$6<=$D$104),-0.5,0),IF(AND(L11=J$5,K$6<=$D$104),-0.5,0)) -> 4 | O11: 3 | P11: 8 | Q11: 2 | S11: =SUM(IF(O11=O$5,4,0),IF(O11&P11=O$5&P$5,1,0), IF(AND(O11=O$5,P$6>=$D$115),1,0), IF(AND(P11=O$5,P$6>=$D$115),1,0), IF(AND(Q11=O$5,P$6>=$D$115),1,0), IF(O11&R11=S$5,1,0), IF(P11=O$5,2,0), IF(Q11=O$5,1,0), IF(OR(O11&P11&Q11=O$5&P$5&Q$5,O11&P11&Q11=O$5&Q$5&P$5,O11&P11&Q11=P$5&O$5&Q$5,O11&P11&Q11=P$5&Q$5&O$5,O11&P11&Q11=Q$5&O$5&P$5,O11&P11&Q11=Q$5&P$5&O$5),2,0),IF(AND(O11=O$5,P$6>=$D$129),1,0),IF(AND(P11=O$5,P$6>=$D$129),1,0),IF(AND(Q11=O$5,P$6>=$D$129),1,0),IF(O11&R11=R$5,4,0),IF(AND(O11=O$5,P$6<=$D$104),-0.5,0),IF(AND(P11=O$5,P$6<=$D$104),-0.5,0),IF(AND(Q11=O$5,P$6<=$D$104),-0.5,0)) -> 0 | T11: 6 | U11: 9 | V11: 4 | X11: =SUM(IF(T11=T$5,4,0),IF(T11&U11=T$5&U$5,1,0), IF(AND(T11=T$5,U$6>=$D$115),1,0), IF(AND(U11=T$5,U$6>=$D$115),1,0), IF(AND(V11=T$5,U$6>=$D$115),1,0), IF(T11&W11=X$5,1,0), IF(U11=T$5,2,0), IF(V11=T$5,1,0), IF(OR(T11&U11&V11=T$5&U$5&V$5,T11&U11&V11=T$5&V$5&U$5,T11&U11&V11=U$5&T$5&V$5,T11&U11&V11=U$5&V$5&T$5,T11&U11&V11=V$5&T$5&U$5,T11&U11&V11=V$5&U$5&T$5),2,0),IF(AND(T11=T$5,U$6>=$D$129),1,0),IF(AND(U11=T$5,U$6>=$D$129),1,0),IF(AND(V11=T$5,U$6>=$D$129),1,0),IF(T11&W11=W$5,4,0),IF(AND(T11=T$5,U$6<=$D$104),-0.5,0),IF(AND(U11=T$5,U$6<=$D$104),-0.5,0),IF(AND(V11=T$5,U$6<=$D$104),-0.5,0)) -> 4.5 | Y11: 5 | AB11: SF | AC11: =SUM(IF(Y11=Y$5,4,0),IF(Y11&Z11=Y$5&Z$5,1,0), IF(AND(Y11=Y$5,Z$6>=$D$115),1,0), IF(AND(Z11=Y$5,Z$6>=$D$115),1,0), IF(AND(AA11=Y$5,Z$6>=$D$115),1,0), IF(Y11&AB11=AC$5,1,0), IF(Z11=Y$5,2,0), IF(AA11=Y$5,1,0), IF(OR(Y11&Z11&AA11=Y$5&Z$5&AA$5,Y11&Z11&AA11=Y$5&AA$5&Z$5,Y11&Z11&AA11=Z$5&Y$5&AA$5,Y11&Z11&AA11=Z$5&AA$5&Y$5,Y11&Z11&AA11=AA$5&Y$5&Z$5,Y11&Z11&AA11=AA$5&Z$5&Y$5),2,0),IF(AND(Y11=Y$5,Z$6>=$D$129),1,0),IF(AND(Z11=Y$5,Z$6>=$D$129),1,0),IF(AND(AA11=Y$5,Z$6>=$D$129),1,0),IF(Y11&AB11=AB$5,4,0),IF(AND(Y11=Y$5,Z$6<=$D$104),-0.5,0),IF(AND(Z11=Y$5,Z$6<=$D$104),-0.5,0),IF(AND(AA11=Y$5,Z$6<=$D$104),-0.5,0)) -> 7.5 | AD11: 7 | AE11: 5 | AF11: 9 | AH11: =SUM(IF(AD11=AD$5,4,0),IF(AD11&AE11=AD$5&AE$5,1,0), IF(AND(AD11=AD$5,AE$6>=$D$115),1,0), IF(AND(AE11=AD$5,AE$6>=$D$115),1,0), IF(AND(AF11=AD$5,AE$6>=$D$115),1,0), IF(AD11&AG11=AH$5,1,0), IF(AE11=AD$5,2,0), IF(AF11=AD$5,1,0), IF(OR(AD11&AE11&AF11=AD$5&AE$5&AF$5,AD11&AE11&AF11=AD$5&AF$5&AE$5,AD11&AE11&AF11=AE$5&AD$5&AF$5,AD11&AE11&AF11=AE$5&AF$5&AD$5,AD11&AE11&AF11=AF$5&AD$5&AE$5,AD11&AE11&AF11=AF$5&AE$5&AD$5),2,0),IF(AND(AD11=AD$5,AE$6>=$D$129),1,0),IF(AND(AE11=AD$5,AE$6>=$D$129),1,0),IF(AND(AF11=AD$5,AE$6>=$D$129),1,0),IF(AD11&AG11=AG$5,4,0),IF(AND(AD11=AD$5,AE$6<=$D$104),-0.5,0),IF(AND(AE11=AD$5,AE$6<=$D$104),-0.5,0),IF(AND(AF11=AD$5,AE$6<=$D$104),-0.5,0)) -> 0 | AI11: 4 | AJ11: 3 | AK11: 7 | AM11: =SUM(IF(AI11=AI$5,4,0),IF(AI11&AJ11=AI$5&AJ$5,1,0), IF(AND(AI11=AI$5,AJ$6>=$D$115),1,0), IF(AND(AJ11=AI$5,AJ$6>=$D$115),1,0), IF(AND(AK11=AI$5,AJ$6>=$D$115),1,0), IF(AI11&AL11=AM$5,1,0), IF(AJ11=AI$5,2,0), IF(AK11=AI$5,1,0), IF(OR(AI11&AJ11&AK11=AI$5&AJ$5&AK$5,AI11&AJ11&AK11=AI$5&AK$5&AJ$5,AI11&AJ11&AK11=AJ$5&AI$5&AK$5,AI11&AJ11&AK11=AJ$5&AK$5&AI$5,AI11&AJ11&AK11=AK$5&AI$5&AJ$5,AI11&AJ11&AK11=AK$5&AJ$5&AI$5),2,0),IF(AND(AI11=AI$5,AJ$6>=$D$129),1,0),IF(AND(AJ11=AI$5,AJ$6>=$D$129),1,0),IF(AND(AK11=AI$5,AJ$6>=$D$129),1,0),IF(AI11&AL11=AL$5,4,0),IF(AND(AI11=AI$5,AJ$6<=$D$104),-0.5,0),IF(AND(AJ11=AI$5,AJ$6<=$D$104),-0.5,0),IF(AND(AK11=AI$5,AJ$6<=$D$104),-0.5,0)) -> 5 | AN11: 8 | AO11: 9 | AP11: 7 | AR11: =SUM(IF(AN11=AN$5,4,0),IF(AN11&AO11=AN$5&AO$5,1,0), IF(AND(AN11=AN$5,AO$6>=$D$115),1,0), IF(AND(AO11=AN$5,AO$6>=$D$115),1,0), IF(AND(AP11=AN$5,AO$6>=$D$115),1,0), IF(AN11&AQ11=AR$5,1,0), IF(AO11=AN$5,2,0), IF(AP11=AN$5,1,0), IF(OR(AN11&AO11&AP11=AN$5&AO$5&AP$5,AN11&AO11&AP11=AN$5&AP$5&AO$5,AN11&AO11&AP11=AO$5&AN$5&AP$5,AN11&AO11&AP11=AO$5&AP$5&AN$5,AN11&AO11&AP11=AP$5&AN$5&AO$5,AN11&AO11&AP11=AP$5&AO$5&AN$5),2,0),IF(AND(AN11=AN$5,AO$6>=$D$129),1,0),IF(AND(AO11=AN$5,AO$6>=$D$129),1,0),IF(AND(AP11=AN$5,AO$6>=$D$129),1,0),IF(AN11&AQ11=AQ$5,4,0),IF(AND(AN11=AN$5,AO$6<=$D$104),-0.5,0),IF(AND(AO11=AN$5,AO$6<=$D$104),-0.5,0),IF(AND(AP11=AN$5,AO$6<=$D$104),-0.5,0)) -> 0 | AS11: 7 | AT11: 2 | AU11: 1 | AW11: =SUM(IF(AS11=AS$5,4,0),IF(AS11&AT11=AS$5&AT$5,1,0), IF(AND(AS11=AS$5,AT$6>=$D$115),1,0), IF(AND(AT11=AS$5,AT$6>=$D$115),1,0), IF(AND(AU11=AS$5,AT$6>=$D$115),1,0), IF(AS11&AV11=AW$5,1,0), IF(AT11=AS$5,2,0), IF(AU11=AS$5,1,0), IF(OR(AS11&AT11&AU11=AS$5&AT$5&AU$5,AS11&AT11&AU11=AS$5&AU$5&AT$5,AS11&AT11&AU11=AT$5&AS$5&AU$5,AS11&AT11&AU11=AT$5&AU$5&AS$5,AS11&AT11&AU11=AU$5&AS$5&AT$5,AS11&AT11&AU11=AU$5&AT$5&AS$5),2,0),IF(AND(AS11=AS$5,AT$6>=$D$129),1,0),IF(AND(AT11=AS$5,AT$6>=$D$129),1,0),IF(AND(AU11=AS$5,AT$6>=$D$129),1,0),IF(AS11&AV11=AV$5,4,0),IF(AND(AS11=AS$5,AT$6<=$D$104),-0.5,0),IF(AND(AT11=AS$5,AT$6<=$D$104),-0.5,0),IF(AND(AU11=AS$5,AT$6<=$D$104),-0.5,0)) -> 0 | AX11: 9 | AY11: 4 | AZ11: 1 | BA11: F | BB11: =SUM(IF(AX11=AX$5,4,0),IF(AX11&AY11=AX$5&AY$5,1,0), IF(AND(AX11=AX$5,AY$6>=$D$115),1,0), IF(AND(AY11=AX$5,AY$6>=$D$115),1,0), IF(AND(AZ11=AX$5,AY$6>=$D$115),1,0), IF(AX11&BA11=BB$5,1,0), IF(AY11=AX$5,2,0), IF(AZ11=AX$5,1,0), IF(OR(AX11&AY11&AZ11=AX$5&AY$5&AZ$5,AX11&AY11&AZ11=AX$5&AZ$5&AY$5,AX11&AY11&AZ11=AY$5&AX$5&AZ$5,AX11&AY11&AZ11=AY$5&AZ$5&AX$5,AX11&AY11&AZ11=AZ$5&AX$5&AY$5,AX11&AY11&AZ11=AZ$5&AY$5&AX$5),2,0),IF(AND(AX11=AX$5,AY$6>=$D$129),1,0),IF(AND(AY11=AX$5,AY$6>=$D$129),1,0),IF(AND(AZ11=AX$5,AY$6>=$D$129),1,0),IF(AX11&BA11=BA$5,4,0),IF(AND(AX11=AX$5,AY$6<=$D$104),-0.5,0),IF(AND(AY11=AX$5,AY$6<=$D$104),-0.5,0),IF(AND(AZ11=AX$5,AY$6<=$D$104),-0.5,0)) -> 1 | BC11: 4 | BD11: 2 | BE11: 3 | BG11: =SUM(IF(BC11=BC$5,4,0),IF(BC11&BD11=BC$5&BD$5,1,0), IF(AND(BC11=BC$5,BD$6>=$D$115),1,0), IF(AND(BD11=BC$5,BD$6>=$D$115),1,0), IF(AND(BE11=BC$5,BD$6>=$D$115),1,0), IF(BC11&BF11=BG$5,1,0), IF(BD11=BC$5,2,0), IF(BE11=BC$5,1,0), IF(OR(BC11&BD11&BE11=BC$5&BD$5&BE$5,BC11&BD11&BE11=BC$5&BE$5&BD$5,BC11&BD11&BE11=BD$5&BC$5&BE$5,BC11&BD11&BE11=BD$5&BE$5&BC$5,BC11&BD11&BE11=BE$5&BC$5&BD$5,BC11&BD11&BE11=BE$5&BD$5&BC$5),2,0),IF(AND(BC11=BC$5,BD$6>=$D$129),1,0),IF(AND(BD11=BC$5,BD$6>=$D$129),1,0),IF(AND(BE11=BC$5,BD$6>=$D$129),1,0),IF(BC11&BF11=BF$5,4,0),IF(AND(BC11=BC$5,BD$6<=$D$104),-0.5,0),IF(AND(BD11=BC$5,BD$6<=$D$104),-0.5,0),IF(AND(BE11=BC$5,BD$6<=$D$104),-0.5,0)) -> 5 | BH11: 5 | BI11: 1 | BJ11: 6 | BL11: =SUM(IF(BH11=BH$5,4,0),IF(BH11&BI11=BH$5&BI$5,1,0), IF(AND(BH11=BH$5,BI$6>=$D$115),1,0), IF(AND(BI11=BH$5,BI$6>=$D$115),1,0), IF(AND(BJ11=BH$5,BI$6>=$D$115),1,0), IF(BH11&BK11=BL$5,1,0), IF(BI11=BH$5,2,0), IF(BJ11=BH$5,1,0), IF(OR(BH11&BI11&BJ11=BH$5&BI$5&BJ$5,BH11&BI11&BJ11=BH$5&BJ$5&BI$5,BH11&BI11&BJ11=BI$5&BH$5&BJ$5,BH11&BI11&BJ11=BI$5&BJ$5&BH$5,BH11&BI11&BJ11=BJ$5&BH$5&BI$5,BH11&BI11&BJ11=BJ$5&BI$5&BH$5),2,0),IF(AND(BH11=BH$5,BI$6>=$D$129),1,0),IF(AND(BI11=BH$5,BI$6>=$D$129),1,0),IF(AND(BJ11=BH$5,BI$6>=$D$129),1,0),IF(BH11&BK11=BK$5,4,0),IF(AND(BH11=BH$5,BI$6<=$D$104),-0.5,0),IF(AND(BI11=BH$5,BI$6<=$D$104),-0.5,0),IF(AND(BJ11=BH$5,BI$6<=$D$104),-0.5,0)) -> 0 | BM11: 12 | BN11: 9 | BO11: 5 | BQ11: =SUM(IF(BM11=BM$5,4,0),IF(BM11&BN11=BM$5&BN$5,1,0), IF(AND(BM11=BM$5,BN$6>=$D$115),1,0), IF(AND(BN11=BM$5,BN$6>=$D$115),1,0), IF(AND(BO11=BM$5,BN$6>=$D$115),1,0), IF(BM11&BP11=BQ$5,1,0), IF(BN11=BM$5,2,0), IF(BO11=BM$5,1,0), IF(OR(BM11&BN11&BO11=BM$5&BN$5&BO$5,BM11&BN11&BO11=BM$5&BO$5&BN$5,BM11&BN11&BO11=BN$5&BM$5&BO$5,BM11&BN11&BO11=BN$5&BO$5&BM$5,BM11&BN11&BO11=BO$5&BM$5&BN$5,BM11&BN11&BO11=BO$5&BN$5&BM$5),2,0),IF(AND(BM11=BM$5,BN$6>=$D$129),1,0),IF(AND(BN11=BM$5,BN$6>=$D$129),1,0),IF(AND(BO11=BM$5,BN$6>=$D$129),1,0),IF(BM11&BP11=BP$5,4,0),IF(AND(BM11=BM$5,BN$6<=$D$104),-0.5,0),IF(AND(BN11=BM$5,BN$6<=$D$104),-0.5,0),IF(AND(BO11=BM$5,BN$6<=$D$104),-0.5,0)) -> 0 | BV11: =SUM(IF(BR11=BR$5,4,0),IF(BR11&BS11=BR$5&BS$5,1,0), IF(AND(BR11=BR$5,BS$6>=$D$115),1,0), IF(AND(BS11=BR$5,BS$6>=$D$115),1,0), IF(AND(BT11=BR$5,BS$6>=$D$115),1,0), IF(BR11&BU11=BV$5,1,0), IF(BS11=BR$5,2,0), IF(BT11=BR$5,1,0), IF(OR(BR11&BS11&BT11=BR$5&BS$5&BT$5,BR11&BS11&BT11=BR$5&BT$5&BS$5,BR11&BS11&BT11=BS$5&BR$5&BT$5,BR11&BS11&BT11=BS$5&BT$5&BR$5,BR11&BS11&BT11=BT$5&BR$5&BS$5,BR11&BS11&BT11=BT$5&BS$5&BR$5),2,0),IF(AND(BR11=BR$5,BS$6>=$D$129),1,0),IF(AND(BS11=BR$5,BS$6>=$D$129),1,0),IF(AND(BT11=BR$5,BS$6>=$D$129),1,0),IF(BR11&BU11=BU$5,4,0),IF(AND(BR11=BR$5,BS$6<=$D$104),-0.5,0),IF(AND(BS11=BR$5,BS$6<=$D$104),-0.5,0),IF(AND(BT11=BR$5,BS$6<=$D$104),-0.5,0)) -> 0 | CA11: =SUM(IF(BW11=BW$5,4,0),IF(BW11&BX11=BW$5&BX$5,1,0), IF(AND(BW11=BW$5,BX$6>=$D$115),1,0), IF(AND(BX11=BW$5,BX$6>=$D$115),1,0), IF(AND(BY11=BW$5,BX$6>=$D$115),1,0), IF(BW11&BZ11=CA$5,1,0), IF(BX11=BW$5,2,0), IF(BY11=BW$5,1,0), IF(OR(BW11&BX11&BY11=BW$5&BX$5&BY$5,BW11&BX11&BY11=BW$5&BY$5&BX$5,BW11&BX11&BY11=BX$5&BW$5&BY$5,BW11&BX11&BY11=BX$5&BY$5&BW$5,BW11&BX11&BY11=BY$5&BW$5&BX$5,BW11&BX11&BY11=BY$5&BX$5&BW$5),2,0),IF(AND(BW11=BW$5,BX$6>=$D$129),1,0),IF(AND(BX11=BW$5,BX$6>=$D$129),1,0),IF(AND(BY11=BW$5,BX$6>=$D$129),1,0),IF(BW11&BZ11=BZ$5,4,0),IF(AND(BW11=BW$5,BX$6<=$D$104),-0.5,0),IF(AND(BX11=BW$5,BX$6<=$D$104),-0.5,0),IF(AND(BY11=BW$5,BX$6<=$D$104),-0.5,0)) -> 0 | CF11: =SUM(IF(CB11=CB$5,4,0),IF(CB11&CC11=CB$5&CC$5,1,0), IF(AND(CB11=CB$5,CC$6>=$D$115),1,0), IF(AND(CC11=CB$5,CC$6>=$D$115),1,0), IF(AND(CD11=CB$5,CC$6>=$D$115),1,0), IF(CB11&CE11=CF$5,1,0), IF(CC11=CB$5,2,0), IF(CD11=CB$5,1,0), IF(OR(CB11&CC11&CD11=CB$5&CC$5&CD$5,CB11&CC11&CD11=CB$5&CD$5&CC$5,CB11&CC11&CD11=CC$5&CB$5&CD$5,CB11&CC11&CD11=CC$5&CD$5&CB$5,CB11&CC11&CD11=CD$5&CB$5&CC$5,CB11&CC11&CD11=CD$5&CC$5&CB$5),2,0),IF(AND(CB11=CB$5,CC$6>=$D$129),1,0),IF(AND(CC11=CB$5,CC$6>=$D$129),1,0),IF(AND(CD11=CB$5,CC$6>=$D$129),1,0),IF(CB11&CE11=CE$5,4,0),IF(AND(CB11=CB$5,CC$6<=$D$104),-0.5,0),IF(AND(CC11=CB$5,CC$6<=$D$104),-0.5,0),IF(AND(CD11=CB$5,CC$6<=$D$104),-0.5,0)) -> 0 | CG11: =IF(BASE01[[#This Row],[1]]="",0,$B$4) -> 13 | CH11: =COUNTIF(BASE01[[#This Row],[1]],$E$5)+COUNTIF(BASE01[[#This Row],[12]],$J$5)+COUNTIF(BASE01[[#This Row],[Columna4]],$O$5)+COUNTIF(BASE01[[#This Row],[Columna7]],$T$5)+COUNTIF(BASE01[[#This Row],[Columna10]],$Y$5)+COUNTIF(BASE01[[#This Row],[1RA]],$AD$5)+COUNTIF(BASE01[[#This Row],[Columna16]],$AI$5)+COUNTIF(BASE01[[#This Row],[123]],$AN$5)+COUNTIF(BASE01[[#This Row],[AAAA]],$AS$5)+COUNTIF(BASE01[[#This Row],[Columna25]],$AX$5)+COUNTIF(BASE01[[#This Row],[Columna272]],$BC$5)+COUNTIF(BASE01[[#This Row],[Columna276]],$BH$5)+COUNTIF(BASE01[[#This Row],[Columna280]],$BM$5)+COUNTIF(BASE01[[#This Row],[Columna2802]],$BR$5)+COUNTIF(BASE01[[#This Row],[Columna2803]],$BW$5)+COUNTIF(BASE01[[#This Row],[Columna2804]],$CB$5) -> 5 | CI11: =IF(BASE01[[#This Row],[Columna14]]=0,0,(CH11/CG11)) -> 0.38461538 | CJ11: =IF(BASE01[[#This Row],[1]]="",0,$B$4) -> 13 | CK11: =COUNTIF(BASE01[[#This Row],[1]]:BASE01[[#This Row],[2]],$E$5)+COUNTIF(BASE01[[#This Row],[12]]:BASE01[[#This Row],[Columna2]],$J$5)+COUNTIF(BASE01[[#This Row],[Columna4]]:BASE01[[#This Row],[Columna5]],$O$5)+COUNTIF(BASE01[[#This Row],[Columna7]]:BASE01[[#This Row],[Columna8]],$T$5)+COUNTIF(BASE01[[#This Row],[Columna10]]:BASE01[[#This Row],[Columna11]],$Y$5)+COUNTIF(BASE01[[#This Row],[1RA]]:BASE01[[#This Row],[2DA]],$AD$5)+COUNTIF(BASE01[[#This Row],[Columna16]:[Columna17]],$AI$5)+COUNTIF(BASE01[[#This Row],[123]:[555]],$AN$5)+COUNTIF(BASE01[[#This Row],[AAAA]]:BASE01[[#This Row],[BBBB]],$AS$5)+COUNTIF(BASE01[[#This Row],[Columna25]]:BASE01[[#This Row],[Columna26]],$AX$5)+COUNTIF(BASE01[[#This Row],[Columna272]]:BASE01[[#This Row],[Columna273]],$BC$5)+COUNTIF(BASE01[[#This Row],[Columna276]]:BASE01[[#This Row],[Columna277]],$BH$5)+COUNTIF(BASE01[[#This Row],[Columna280]]:BASE01[[#This Row],[Columna281]],$BM$5)+COUNTIF(BASE01[[#This Row],[Columna2802]]:BASE01[[#This Row],[Columna2813]],$BR$5)+COUNTIF(BASE01[[#This Row],[Columna2803]:[Columna2814]],$BW$5)+COUNTIF(BASE01[[#This Row],[Columna2804]:[Columna2815]],$CB$5) -> 5 | CL11: =IF(BASE01[[#This Row],[Columna14]]=0,0,(CK11/CJ11)) -> 0.38461538 | CM11: =IF(BASE01[[#This Row],[1]]="",0,$B$4) -> 13 | CN11: =COUNTIF(BASE01[[#This Row],[1]:[22]],$E$5)+COUNTIF(BASE01[[#This Row],[12]:[Columna23]],$J$5)+COUNTIF(BASE01[[#This Row],[Columna4]:[Columna53]],$O$5)+COUNTIF(BASE01[[#This Row],[Columna7]:[Columna83]],$T$5)+COUNTIF(BASE01[[#This Row],[Columna10]:[Columna113]],$Y$5)+COUNTIF(BASE01[[#This Row],[1RA]:[2DA2]],$AD$5)+COUNTIF(BASE01[[#This Row],[Columna16]:[Columna173]],$AI$5)+COUNTIF(BASE01[[#This Row],[123]:[556]],$AN$5)+COUNTIF(BASE01[[#This Row],[AAAA]:[Columna13]],$AS$5)+COUNTIF(BASE01[[#This Row],[Columna25]:[Columna263]],$AX$5)+COUNTIF(BASE01[[#This Row],[Columna272]:[Columna2732]],$BC$5)+COUNTIF(BASE01[[#This Row],[Columna276]:[Columna2772]],$BH$5)+COUNTIF(BASE01[[#This Row],[Columna280]:[Columna2812]],$BM$5)+COUNTIF(BASE01[[#This Row],[Columna2802]:[Columna28124]],$BR$5)+COUNTIF(BASE01[[#This Row],[Columna2803]:[Columna28125]],$BW$5)+COUNTIF(BASE01[[#This Row],[Columna2804]:[Columna28126]],$CB$5) -> 6 | CO11: =IF(BASE01[[#This Row],[Columna14]]=0,0,(CN11/CM11)) -> 0.46153846 | CP11: =SUM( (AND(OR(BASE01[[#This Row],[3]]="F", BASE01[[#This Row],[3]]="SF"), F$6<>"")), (AND(OR(BASE01[[#This Row],[Columna28]]="F", BASE01[[#This Row],[Columna28]]="SF"), K$6<>"")), (AND(OR(BASE01[[#This Row],[Columna52]]="F", BASE01[[#This Row],[Columna52]]="SF"), P$6<>"")), (AND(OR(BASE01[[#This Row],[Columna82]]="F", BASE01[[#This Row],[Columna82]]="SF"), U$6<>"")), (AND(OR(BASE01[[#This Row],[Columna112]]="F", BASE01[[#This Row],[Columna112]]="SF"), Z$6<>"")), (AND(OR(BASE01[[#This Row],[3RA]]="F", BASE01[[#This Row],[3RA]]="SF"), AE$6<>"")), (AND(OR(BASE01[[#This Row],[Columna172]]="F",BASE01[[#This Row],[Columna172]]="SF"), AJ$6<>"")), (AND(OR(BASE01[[#This Row],[111]]="F", BASE01[[#This Row],[111]]="SF"), AO$6<>"")), (AND(OR(BASE01[[#This Row],[CCCC]]="F", BASE01[[#This Row],[CCCC]]="SF"), AT$6<>"")), (AND(OR(BASE01[[#This Row],[Columna262]]="F",BASE01[[#This Row],[Columna262]]="SF"), AY$6<>"")), (AND(OR(BASE01[[#This Row],[Columna274]]="F", BASE01[[#This Row],[Columna274]]="SF"), BD$6<>"")), (AND(OR(BASE01[[#This Row],[Columna278]]="F", BASE01[[#This Row],[Columna278]]="SF"), BI$6<>"")), (AND(OR(BASE01[[#This Row],[Columna282]]="F", BASE01[[#This Row],[Columna282]]="SF"), BN$6<>"")), (AND(OR(BASE01[[#This Row],[Columna2825]]="F", BASE01[[#This Row],[Columna2825]]="SF"), BS$6<>"")), (AND(OR(BASE01[[#This Row],[Columna2826]]="F", BASE01[[#This Row],[Columna2826]]="SF"), BX$6<>"")), (AND(OR(BASE01[[#This Row],[Columna2827]]="F", BASE01[[#This Row],[Columna2827]]="SF"), CC$6<>"")) ) -> 3 | CQ11: =COUNTIFS(BASE01[[#This Row],[1]],$E$5,BASE01[[#This Row],[3]],"F")+COUNTIFS(BASE01[[#This Row],[12]],$J$5,BASE01[[#This Row],[Columna28]],"F")+COUNTIFS(BASE01[[#This Row],[Columna4]],$O$5,BASE01[[#This Row],[Columna52]],"F")+COUNTIFS(BASE01[[#This Row],[Columna7]],$T$5,BASE01[[#This Row],[Columna82]],"F")+COUNTIFS(BASE01[[#This Row],[Columna10]],$Y$5,BASE01[[#This Row],[Columna112]],"F")+COUNTIFS(BASE01[[#This Row],[1RA]],$AD$5,BASE01[[#This Row],[3RA]],"F")+COUNTIFS(BASE01[[#This Row],[Columna16]],$AI$5,BASE01[[#This Row],[Columna172]],"F")+COUNTIFS(BASE01[[#This Row],[123]],$AN$5,BASE01[[#This Row],[111]],"F")+COUNTIFS(BASE01[[#This Row],[AAAA]],$AS$5,BASE01[[#This Row],[CCCC]],"F")+COUNTIFS(BASE01[[#This Row],[Columna25]],$AX$5,BASE01[[#This Row],[Columna262]],"F")+COUNTIFS(BASE01[[#This Row],[Columna272]],$BC$5,BASE01[[#This Row],[Columna274]],"F")+COUNTIFS(BASE01[[#This Row],[Columna276]],$BH$5,BASE01[[#This Row],[Columna278]],"F")+COUNTIFS(BASE01[[#This Row],[Columna280]],$BM$5,BASE01[[#This Row],[Columna282]],"F")+COUNTIFS(BASE01[[#This Row],[1]],$E$5,BASE01[[#This Row],[3]],"SF")+COUNTIFS(BASE01[[#This Row],[12]],$J$5,BASE01[[#This Row],[Columna28]],"SF")+COUNTIFS(BASE01[[#This Row],[Columna4]],$O$5,BASE01[[#This Row],[Columna52]],"SF")+COUNTIFS(BASE01[[#This Row],[Columna7]],$T$5,BASE01[[#This Row],[Columna82]],"SF")+COUNTIFS(BASE01[[#This Row],[Columna10]],$Y$5,BASE01[[#This Row],[Columna112]],"SF")+COUNTIFS(BASE01[[#This Row],[1RA]],$AD$5,BASE01[[#This Row],[3RA]],"SF")+COUNTIFS(BASE01[[#This Row],[Columna16]],$AI$5,BASE01[[#This Row],[Columna172]],"SF")+COUNTIFS(BASE01[[#This Row],[123]],$AN$5,BASE01[[#This Row],[111]],"SF")+COUNTIFS(BASE01[[#This Row],[AAAA]],$AS$5,BASE01[[#This Row],[CCCC]],"SF")+COUNTIFS(BASE01[[#This Row],[Columna25]],$AX$5,BA11,"SF")+COUNTIFS(BASE01[[#This Row],[Columna272]],$BC$5,BASE01[[#This Row],[Columna274]],"SF")+COUNTIFS(BASE01[[#This Row],[Columna276]],$BH$5,BASE01[[#This Row],[Columna278]],"SF")+COUNTIFS(BASE01[[#This Row],[Columna280]],$BM$5,BASE01[[#This Row],[Columna282]],"SF") -> 1 | CR11: =IF(BASE01[[#This Row],[Columna14]]=0,0,(CQ11/CP11)) -> 0.33333333 | CS11: =SUM(BASE01[[#This Row],[PTS]],BASE01[[#This Row],[Columna3]],BASE01[[#This Row],[Columna6]],BASE01[[#This Row],[Columna9]],BASE01[[#This Row],[Columna12]],BASE01[[#This Row],[Columna15]],BASE01[[#This Row],[Columna18]],BASE01[[#This Row],[Columna21]],BASE01[[#This Row],[Columna24]],BASE01[[#This Row],[Columna27]],BASE01[[#This Row],[Columna275]],BASE01[[#This Row],[Columna279]],BASE01[[#This Row],[Columna283]],BASE01[[#This Row],[Columna28310]],BASE01[[#This Row],[Columna2837]],BASE01[[#This Row],[Columna2838]]) -> 27 | CU11: =SUM(CS11,CT11) -> 27 | CV11: =IF(BASE01[[#This Row],[TIPO]]="PREMIO",$O$3,"0,00") -> 1000 | CY11: 4 | CZ11: =U$6 -> 110 | DB11: =BASE01[[#This Row],[COD]] -> COD 04 | DC11: {=IFERROR(IF(AND(INDEX($E$8:$CE$57, MATCH($C11, $C$8:$C$57, 0), (COLUMNS($DC11:DC11)-1)*5 + 1) = INDEX($E$5:$CE$5, 1, (COLUMNS($DC11:DC11)-1)*5 + 1), INDEX($E$8:$CE$57, MATCH($C11, $C$8:$C$57, 0), (COLUMNS($DC11:DC11)-1)*5 + 4) = "F"), INDEX($CZ$8:$CZ$23, COLUMNS($DC11:DC11)), "0"), "")} -> 0 | DD11: {=IFERROR(IF(AND(INDEX($E$8:$CE$57, MATCH($C11, $C$8:$C$57, 0), (COLUMNS($DC11:DD11)-1)*5 + 1) = INDEX($E$5:$CE$5, 1, (COLUMNS($DC11:DD11)-1)*5 + 1), INDEX($E$8:$CE$57, MATCH($C11, $C$8:$C$57, 0), (COLUMNS($DC11:DD11)-1)*5 + 4) = "F"), INDEX($CZ$8:$CZ$23, COLUMNS($DC11:DD11)), "0"), "")} -> 0 | DE11: {=IFERROR(IF(AND(INDEX($E$8:$CE$57, MATCH($C11, $C$8:$C$57, 0), (COLUMNS($DC11:DE11)-1)*5 + 1) = INDEX($E$5:$CE$5, 1, (COLUMNS($DC11:DE11)-1)*5 + 1), INDEX($E$8:$CE$57, MATCH($C11, $C$8:$C$57, 0), (COLUMNS($DC11:DE11)-1)*5 + 4) = "F"), INDEX($CZ$8:$CZ$23, COLUMNS($DC11:DE11)), "0"), "")} -> 0 | DF11: {=IFERROR(IF(AND(INDEX($E$8:$CE$57, MATCH($C11, $C$8:$C$57, 0), (COLUMNS($DC11:DF11)-1)*5 + 1) = INDEX($E$5:$CE$5, 1, (COLUMNS($DC11:DF11)-1)*5 + 1), INDEX($E$8:$CE$57, MATCH($C11, $C$8:$C$57, 0), (COLUMNS($DC11:DF11)-1)*5 + 4) = "F"), INDEX($CZ$8:$CZ$23, COLUMNS($DC11:DF11)), "0"), "")} -> 0 | DG11: {=IFERROR(IF(AND(INDEX($E$8:$CE$57, MATCH($C11, $C$8:$C$57, 0), (COLUMNS($DC11:DG11)-1)*5 + 1) = INDEX($E$5:$CE$5, 1, (COLUMNS($DC11:DG11)-1)*5 + 1), INDEX($E$8:$CE$57, MATCH($C11, $C$8:$C$57, 0), (COLUMNS($DC11:DG11)-1)*5 + 4) = "F"), INDEX($CZ$8:$CZ$23, COLUMNS($DC11:DG11)), "0"), "")} -> 0 | DH11: {=IFERROR(IF(AND(INDEX($E$8:$CE$57, MATCH($C11, $C$8:$C$57, 0), (COLUMNS($DC11:DH11)-1)*5 + 1) = INDEX($E$5:$CE$5, 1, (COLUMNS($DC11:DH11)-1)*5 + 1), INDEX($E$8:$CE$57, MATCH($C11, $C$8:$C$57, 0), (COLUMNS($DC11:DH11)-1)*5 + 4) = "F"), INDEX($CZ$8:$CZ$23, COLUMNS($DC11:DH11)), "0"), "")} -> 0 | DI11: {=IFERROR(IF(AND(INDEX($E$8:$CE$57, MATCH($C11, $C$8:$C$57, 0), (COLUMNS($DC11:DI11)-1)*5 + 1) = INDEX($E$5:$CE$5, 1, (COLUMNS($DC11:DI11)-1)*5 + 1), INDEX($E$8:$CE$57, MATCH($C11, $C$8:$C$57, 0), (COLUMNS($DC11:DI11)-1)*5 + 4) = "F"), INDEX($CZ$8:$CZ$23, COLUMNS($DC11:DI11)), "0"), "")} -> 0 | DJ11: {=IFERROR(IF(AND(INDEX($E$8:$CE$57, MATCH($C11, $C$8:$C$57, 0), (COLUMNS($DC11:DJ11)-1)*5 + 1) = INDEX($E$5:$CE$5, 1, (COLUMNS($DC11:DJ11)-1)*5 + 1), INDEX($E$8:$CE$57, MATCH($C11, $C$8:$C$57, 0), (COLUMNS($DC11:DJ11)-1)*5 + 4) = "F"), INDEX($CZ$8:$CZ$23, COLUMNS($DC11:DJ11)), "0"), "")} -> 0 | ... DR11: {=IFERROR(IF(AND(INDEX($E$8:$CE$57, MATCH($C11, $C$8:$C$57, 0), (COLUMNS($DC11:DR11)-1)*5 + 1) = INDEX($E$5:$CE$5, 1, (COLUMNS($DC11:DR11)-1)*5 + 1), INDEX($E$8:$CE$57, MATCH($C11, $C$8:$C$57, 0), (COLUMNS($DC11:DR11)-1)*5 + 4) = "F"), INDEX($CZ$8:$CZ$23, COLUMNS($DC11:DR11)), "0"), "")} -> 0 | DT11: =BASE01[[#This Row],[COD]] -> COD 04 | DU11: {=IFERROR(IF(AND(INDEX($E$8:$CE$57, MATCH($C11, $C$8:$C$57, 0), (COLUMNS($DU11:DU11)-1)*5 + 1) = INDEX($E$5:$CE$5, 1, (COLUMNS($DU11:DU11)-1)*5 + 1), INDEX($E$8:$CE$57, MATCH($C11, $C$8:$C$57, 0), (COLUMNS($DU11:DU11)-1)*5 + 4) = "SF"), INDEX($CZ$8:$CZ$23, COLUMNS($DU11:DU11)), "0"), "")} -> 0 | DV11: {=IFERROR(IF(AND(INDEX($E$8:$CE$57, MATCH($C11, $C$8:$C$57, 0), (COLUMNS($DU11:DV11)-1)*5 + 1) = INDEX($E$5:$CE$5, 1, (COLUMNS($DU11:DV11)-1)*5 + 1), INDEX($E$8:$CE$57, MATCH($C11, $C$8:$C$57, 0), (COLUMNS($DU11:DV11)-1)*5 + 4) = "SF"), INDEX($CZ$8:$CZ$23, COLUMNS($DU11:DV11)), "0"), "")} -> 0 | DW11: {=IFERROR(IF(AND(INDEX($E$8:$CE$57, MATCH($C11, $C$8:$C$57, 0), (COLUMNS($DU11:DW11)-1)*5 + 1) = INDEX($E$5:$CE$5, 1, (COLUMNS($DU11:DW11)-1)*5 + 1), INDEX($E$8:$CE$57, MATCH($C11, $C$8:$C$57, 0), (COLUMNS($DU11:DW11)-1)*5 + 4) = "SF"), INDEX($CZ$8:$CZ$23, COLUMNS($DU11:DW11)), "0"), "")} -> 0 | DX11: {=IFERROR(IF(AND(INDEX($E$8:$CE$57, MATCH($C11, $C$8:$C$57, 0), (COLUMNS($DU11:DX11)-1)*5 + 1) = INDEX($E$5:$CE$5, 1, (COLUMNS($DU11:DX11)-1)*5 + 1), INDEX($E$8:$CE$57, MATCH($C11, $C$8:$C$57, 0), (COLUMNS($DU11:DX11)-1)*5 + 4) = "SF"), INDEX($CZ$8:$CZ$23, COLUMNS($DU11:DX11)), "0"), "")} -> 0 | DY11: {=IFERROR(IF(AND(INDEX($E$8:$CE$57, MATCH($C11, $C$8:$C$57, 0), (COLUMNS($DU11:DY11)-1)*5 + 1) = INDEX($E$5:$CE$5, 1, (COLUMNS($DU11:DY11)-1)*5 + 1), INDEX($E$8:$CE$57, MATCH($C11, $C$8:$C$57, 0), (COLUMNS($DU11:DY11)-1)*5 + 4) = "SF"), INDEX($CZ$8:$CZ$23, COLUMNS($DU11:DY11)), "0"), "")} -> 110 | DZ11: {=IFERROR(IF(AND(INDEX($E$8:$CE$57, MATCH($C11, $C$8:$C$57, 0), (COLUMNS($DU11:DZ11)-1)*5 + 1) = INDEX($E$5:$CE$5, 1, (COLUMNS($DU11:DZ11)-1)*5 + 1), INDEX($E$8:$CE$57, MATCH($C11, $C$8:$C$57, 0), (COLUMNS($DU11:DZ11)-1)*5 + 4) = "SF"), INDEX($CZ$8:$CZ$23, COLUMNS($DU11:DZ11)), "0"), "")} -> 0 | EA11: {=IFERROR(IF(AND(INDEX($E$8:$CE$57, MATCH($C11, $C$8:$C$57, 0), (COLUMNS($DU11:EA11)-1)*5 + 1) = INDEX($E$5:$CE$5, 1, (COLUMNS($DU11:EA11)-1)*5 + 1), INDEX($E$8:$CE$57, MATCH($C11, $C$8:$C$57, 0), (COLUMNS($DU11:EA11)-1)*5 + 4) = "SF"), INDEX($CZ$8:$CZ$23, COLUMNS($DU11:EA11)), "0"), "")} -> 0 | EB11: {=IFERROR(IF(AND(INDEX($E$8:$CE$57, MATCH($C11, $C$8:$C$57, 0), (COLUMNS($DU11:EB11)-1)*5 + 1) = INDEX($E$5:$CE$5, 1, (COLUMNS($DU11:EB11)-1)*5 + 1), INDEX($E$8:$CE$57, MATCH($C11, $C$8:$C$57, 0), (COLUMNS($DU11:EB11)-1)*5 + 4) = "SF"), INDEX($CZ$8:$CZ$23, COLUMNS($DU11:EB11)), "0"), "")} -> 0 | ... EJ11: {=IFERROR(IF(AND(INDEX($E$8:$CE$57, MATCH($C11, $C$8:$C$57, 0), (COLUMNS($DU11:EJ11)-1)*5 + 1) = INDEX($E$5:$CE$5, 1, (COLUMNS($DU11:EJ11)-1)*5 + 1), INDEX($E$8:$CE$57, MATCH($C11, $C$8:$C$57, 0), (COLUMNS($DU11:EJ11)-1)*5 + 4) = "SF"), INDEX($CZ$8:$CZ$23, COLUMNS($DU11:EJ11)), "0"), "")} -> 0
B12: =IF(BASE01[[#This Row],[COD]]<>"",B11+1,"") -> 5 | C12: COD 05 | D12: {=IF(BASE01[[#This Row],[COD]]="","",_xlfn.IFS(_xlfn.XLOOKUP(BASE01[[#This Row],[COD]],CODIGOS_Y_PAGOS[CODIGO],CODIGOS_Y_PAGOS[06/09/2026],"")="X","PREMIO",_xlfn.XLOOKUP(BASE01[[#This Row],[COD]],CODIGOS_Y_PAGOS[CODIGO],CODIGOS_Y_PAGOS[06/09/2026],"")="","NO ENVIÓ",_xlfn.XLOOKUP(BASE01[[#This Row],[COD]],CODIGOS_Y_PAGOS[CODIGO],CODIGOS_Y_PAGOS[06/09/2026],"")=0,"MEETING",_xlfn.XLOOKUP(BASE01[[#This Row],[COD]],CODIGOS_Y_PAGOS[CODIGO],CODIGOS_Y_PAGOS[06/09/2026],"")="O","PREMIO",_xlfn.XLOOKUP(BASE01[[#This Row],[COD]],CODIGOS_Y_PAGOS[CODIGO],CODIGOS_Y_PAGOS[06/09/2026],"")="-","PAGO PENDIENTE"))} -> PREMIO | E12: 6 | F12: 1 | G12: 8 | I12: =SUM(IF(E12=E$5,4,0),IF(E12&F12=E$5&F$5,1,0), IF(AND(E12=E$5,F$6>=$D$115),1,0), IF(AND(F12=E$5,F$6>=$D$115),1,0), IF(AND(G12=E$5,F$6>=$D$115),1,0), IF(E12&H12=I$5,1,0), IF(F12=E$5,2,0), IF(G12=E$5,1,0), IF(OR(E12&F12&G12=E$5&F$5&G$5,E12&F12&G12=E$5&G$5&F$5,E12&F12&G12=F$5&E$5&G$5,E12&F12&G12=F$5&G$5&E$5,E12&F12&G12=G$5&E$5&F$5,E12&F12&G12=G$5&F$5&E$5),2,0),IF(AND(E12=E$5,F$6>=$D$129),1,0),IF(AND(F12=E$5,F$6>=$D$129),1,0),IF(AND(G12=E$5,F$6>=$D$129),1,0),IF(E12&H12=H$5,4,0),IF(AND(E12=E$5,F$6<=$D$104),-0.5,0),IF(AND(F12=E$5,F$6<=$D$104),-0.5,0),IF(AND(G12=E$5,F$6<=$D$104),-0.5,0)) -> 1 | J12: 8 | K12: 3 | L12: 1 | N12: =SUM(IF(J12=J$5,4,0),IF(J12&K12=J$5&K$5,1,0), IF(AND(J12=J$5,K$6>=$D$115),1,0), IF(AND(K12=J$5,K$6>=$D$115),1,0), IF(AND(L12=J$5,K$6>=$D$115),1,0), IF(J12&M12=N$5,1,0), IF(K12=J$5,2,0), IF(L12=J$5,1,0), IF(OR(J12&K12&L12=J$5&K$5&L$5,J12&K12&L12=J$5&L$5&K$5,J12&K12&L12=K$5&J$5&L$5,J12&K12&L12=K$5&L$5&J$5,J12&K12&L12=L$5&J$5&K$5,J12&K12&L12=L$5&K$5&J$5),2,0),IF(AND(J12=J$5,K$6>=$D$129),1,0),IF(AND(K12=J$5,K$6>=$D$129),1,0),IF(AND(L12=J$5,K$6>=$D$129),1,0),IF(J12&M12=M$5,4,0),IF(AND(J12=J$5,K$6<=$D$104),-0.5,0),IF(AND(K12=J$5,K$6<=$D$104),-0.5,0),IF(AND(L12=J$5,K$6<=$D$104),-0.5,0)) -> 2 | O12: 6 | P12: 3 | Q12: 2 | S12: =SUM(IF(O12=O$5,4,0),IF(O12&P12=O$5&P$5,1,0), IF(AND(O12=O$5,P$6>=$D$115),1,0), IF(AND(P12=O$5,P$6>=$D$115),1,0), IF(AND(Q12=O$5,P$6>=$D$115),1,0), IF(O12&R12=S$5,1,0), IF(P12=O$5,2,0), IF(Q12=O$5,1,0), IF(OR(O12&P12&Q12=O$5&P$5&Q$5,O12&P12&Q12=O$5&Q$5&P$5,O12&P12&Q12=P$5&O$5&Q$5,O12&P12&Q12=P$5&Q$5&O$5,O12&P12&Q12=Q$5&O$5&P$5,O12&P12&Q12=Q$5&P$5&O$5),2,0),IF(AND(O12=O$5,P$6>=$D$129),1,0),IF(AND(P12=O$5,P$6>=$D$129),1,0),IF(AND(Q12=O$5,P$6>=$D$129),1,0),IF(O12&R12=R$5,4,0),IF(AND(O12=O$5,P$6<=$D$104),-0.5,0),IF(AND(P12=O$5,P$6<=$D$104),-0.5,0),IF(AND(Q12=O$5,P$6<=$D$104),-0.5,0)) -> 4 | T12: 6 | W12: SF | X12: =SUM(IF(T12=T$5,4,0),IF(T12&U12=T$5&U$5,1,0), IF(AND(T12=T$5,U$6>=$D$115),1,0), IF(AND(U12=T$5,U$6>=$D$115),1,0), IF(AND(V12=T$5,U$6>=$D$115),1,0), IF(T12&W12=X$5,1,0), IF(U12=T$5,2,0), IF(V12=T$5,1,0), IF(OR(T12&U12&V12=T$5&U$5&V$5,T12&U12&V12=T$5&V$5&U$5,T12&U12&V12=U$5&T$5&V$5,T12&U12&V12=U$5&V$5&T$5,T12&U12&V12=V$5&T$5&U$5,T12&U12&V12=V$5&U$5&T$5),2,0),IF(AND(T12=T$5,U$6>=$D$129),1,0),IF(AND(U12=T$5,U$6>=$D$129),1,0),IF(AND(V12=T$5,U$6>=$D$129),1,0),IF(T12&W12=W$5,4,0),IF(AND(T12=T$5,U$6<=$D$104),-0.5,0),IF(AND(U12=T$5,U$6<=$D$104),-0.5,0),IF(AND(V12=T$5,U$6<=$D$104),-0.5,0)) -> 7.5 | Y12: 5 | Z12: 6 | AA12: 8 | AB12: F | AC12: =SUM(IF(Y12=Y$5,4,0),IF(Y12&Z12=Y$5&Z$5,1,0), IF(AND(Y12=Y$5,Z$6>=$D$115),1,0), IF(AND(Z12=Y$5,Z$6>=$D$115),1,0), IF(AND(AA12=Y$5,Z$6>=$D$115),1,0), IF(Y12&AB12=AC$5,1,0), IF(Z12=Y$5,2,0), IF(AA12=Y$5,1,0), IF(OR(Y12&Z12&AA12=Y$5&Z$5&AA$5,Y12&Z12&AA12=Y$5&AA$5&Z$5,Y12&Z12&AA12=Z$5&Y$5&AA$5,Y12&Z12&AA12=Z$5&AA$5&Y$5,Y12&Z12&AA12=AA$5&Y$5&Z$5,Y12&Z12&AA12=AA$5&Z$5&Y$5),2,0),IF(AND(Y12=Y$5,Z$6>=$D$129),1,0),IF(AND(Z12=Y$5,Z$6>=$D$129),1,0),IF(AND(AA12=Y$5,Z$6>=$D$129),1,0),IF(Y12&AB12=AB$5,4,0),IF(AND(Y12=Y$5,Z$6<=$D$104),-0.5,0),IF(AND(Z12=Y$5,Z$6<=$D$104),-0.5,0),IF(AND(AA12=Y$5,Z$6<=$D$104),-0.5,0)) -> 6.5 | AD12: 2 | AE12: 7 | AF12: 5 | AH12: =SUM(IF(AD12=AD$5,4,0),IF(AD12&AE12=AD$5&AE$5,1,0), IF(AND(AD12=AD$5,AE$6>=$D$115),1,0), IF(AND(AE12=AD$5,AE$6>=$D$115),1,0), IF(AND(AF12=AD$5,AE$6>=$D$115),1,0), IF(AD12&AG12=AH$5,1,0), IF(AE12=AD$5,2,0), IF(AF12=AD$5,1,0), IF(OR(AD12&AE12&AF12=AD$5&AE$5&AF$5,AD12&AE12&AF12=AD$5&AF$5&AE$5,AD12&AE12&AF12=AE$5&AD$5&AF$5,AD12&AE12&AF12=AE$5&AF$5&AD$5,AD12&AE12&AF12=AF$5&AD$5&AE$5,AD12&AE12&AF12=AF$5&AE$5&AD$5),2,0),IF(AND(AD12=AD$5,AE$6>=$D$129),1,0),IF(AND(AE12=AD$5,AE$6>=$D$129),1,0),IF(AND(AF12=AD$5,AE$6>=$D$129),1,0),IF(AD12&AG12=AG$5,4,0),IF(AND(AD12=AD$5,AE$6<=$D$104),-0.5,0),IF(AND(AE12=AD$5,AE$6<=$D$104),-0.5,0),IF(AND(AF12=AD$5,AE$6<=$D$104),-0.5,0)) -> 6 | AI12: 1 | AJ12: 7 | AK12: 4 | AM12: =SUM(IF(AI12=AI$5,4,0),IF(AI12&AJ12=AI$5&AJ$5,1,0), IF(AND(AI12=AI$5,AJ$6>=$D$115),1,0), IF(AND(AJ12=AI$5,AJ$6>=$D$115),1,0), IF(AND(AK12=AI$5,AJ$6>=$D$115),1,0), IF(AI12&AL12=AM$5,1,0), IF(AJ12=AI$5,2,0), IF(AK12=AI$5,1,0), IF(OR(AI12&AJ12&AK12=AI$5&AJ$5&AK$5,AI12&AJ12&AK12=AI$5&AK$5&AJ$5,AI12&AJ12&AK12=AJ$5&AI$5&AK$5,AI12&AJ12&AK12=AJ$5&AK$5&AI$5,AI12&AJ12&AK12=AK$5&AI$5&AJ$5,AI12&AJ12&AK12=AK$5&AJ$5&AI$5),2,0),IF(AND(AI12=AI$5,AJ$6>=$D$129),1,0),IF(AND(AJ12=AI$5,AJ$6>=$D$129),1,0),IF(AND(AK12=AI$5,AJ$6>=$D$129),1,0),IF(AI12&AL12=AL$5,4,0),IF(AND(AI12=AI$5,AJ$6<=$D$104),-0.5,0),IF(AND(AJ12=AI$5,AJ$6<=$D$104),-0.5,0),IF(AND(AK12=AI$5,AJ$6<=$D$104),-0.5,0)) -> 1 | AN12: 11 | AO12: 9 | AP12: 8 | AR12: =SUM(IF(AN12=AN$5,4,0),IF(AN12&AO12=AN$5&AO$5,1,0), IF(AND(AN12=AN$5,AO$6>=$D$115),1,0), IF(AND(AO12=AN$5,AO$6>=$D$115),1,0), IF(AND(AP12=AN$5,AO$6>=$D$115),1,0), IF(AN12&AQ12=AR$5,1,0), IF(AO12=AN$5,2,0), IF(AP12=AN$5,1,0), IF(OR(AN12&AO12&AP12=AN$5&AO$5&AP$5,AN12&AO12&AP12=AN$5&AP$5&AO$5,AN12&AO12&AP12=AO$5&AN$5&AP$5,AN12&AO12&AP12=AO$5&AP$5&AN$5,AN12&AO12&AP12=AP$5&AN$5&AO$5,AN12&AO12&AP12=AP$5&AO$5&AN$5),2,0),IF(AND(AN12=AN$5,AO$6>=$D$129),1,0),IF(AND(AO12=AN$5,AO$6>=$D$129),1,0),IF(AND(AP12=AN$5,AO$6>=$D$129),1,0),IF(AN12&AQ12=AQ$5,4,0),IF(AND(AN12=AN$5,AO$6<=$D$104),-0.5,0),IF(AND(AO12=AN$5,AO$6<=$D$104),-0.5,0),IF(AND(AP12=AN$5,AO$6<=$D$104),-0.5,0)) -> 0 | AS12: 1 | AT12: 7 | AU12: 8 | AV12: F | AW12: =SUM(IF(AS12=AS$5,4,0),IF(AS12&AT12=AS$5&AT$5,1,0), IF(AND(AS12=AS$5,AT$6>=$D$115),1,0), IF(AND(AT12=AS$5,AT$6>=$D$115),1,0), IF(AND(AU12=AS$5,AT$6>=$D$115),1,0), IF(AS12&AV12=AW$5,1,0), IF(AT12=AS$5,2,0), IF(AU12=AS$5,1,0), IF(OR(AS12&AT12&AU12=AS$5&AT$5&AU$5,AS12&AT12&AU12=AS$5&AU$5&AT$5,AS12&AT12&AU12=AT$5&AS$5&AU$5,AS12&AT12&AU12=AT$5&AU$5&AS$5,AS12&AT12&AU12=AU$5&AS$5&AT$5,AS12&AT12&AU12=AU$5&AT$5&AS$5),2,0),IF(AND(AS12=AS$5,AT$6>=$D$129),1,0),IF(AND(AT12=AS$5,AT$6>=$D$129),1,0),IF(AND(AU12=AS$5,AT$6>=$D$129),1,0),IF(AS12&AV12=AV$5,4,0),IF(AND(AS12=AS$5,AT$6<=$D$104),-0.5,0),IF(AND(AT12=AS$5,AT$6<=$D$104),-0.5,0),IF(AND(AU12=AS$5,AT$6<=$D$104),-0.5,0)) -> 0 | AX12: 9 | AY12: 1 | AZ12: 3 | BB12: =SUM(IF(AX12=AX$5,4,0),IF(AX12&AY12=AX$5&AY$5,1,0), IF(AND(AX12=AX$5,AY$6>=$D$115),1,0), IF(AND(AY12=AX$5,AY$6>=$D$115),1,0), IF(AND(AZ12=AX$5,AY$6>=$D$115),1,0), IF(AX12&BA12=BB$5,1,0), IF(AY12=AX$5,2,0), IF(AZ12=AX$5,1,0), IF(OR(AX12&AY12&AZ12=AX$5&AY$5&AZ$5,AX12&AY12&AZ12=AX$5&AZ$5&AY$5,AX12&AY12&AZ12=AY$5&AX$5&AZ$5,AX12&AY12&AZ12=AY$5&AZ$5&AX$5,AX12&AY12&AZ12=AZ$5&AX$5&AY$5,AX12&AY12&AZ12=AZ$5&AY$5&AX$5),2,0),IF(AND(AX12=AX$5,AY$6>=$D$129),1,0),IF(AND(AY12=AX$5,AY$6>=$D$129),1,0),IF(AND(AZ12=AX$5,AY$6>=$D$129),1,0),IF(AX12&BA12=BA$5,4,0),IF(AND(AX12=AX$5,AY$6<=$D$104),-0.5,0),IF(AND(AY12=AX$5,AY$6<=$D$104),-0.5,0),IF(AND(AZ12=AX$5,AY$6<=$D$104),-0.5,0)) -> 2 | BC12: 4 | BD12: 2 | BE12: 6 | BG12: =SUM(IF(BC12=BC$5,4,0),IF(BC12&BD12=BC$5&BD$5,1,0), IF(AND(BC12=BC$5,BD$6>=$D$115),1,0), IF(AND(BD12=BC$5,BD$6>=$D$115),1,0), IF(AND(BE12=BC$5,BD$6>=$D$115),1,0), IF(BC12&BF12=BG$5,1,0), IF(BD12=BC$5,2,0), IF(BE12=BC$5,1,0), IF(OR(BC12&BD12&BE12=BC$5&BD$5&BE$5,BC12&BD12&BE12=BC$5&BE$5&BD$5,BC12&BD12&BE12=BD$5&BC$5&BE$5,BC12&BD12&BE12=BD$5&BE$5&BC$5,BC12&BD12&BE12=BE$5&BC$5&BD$5,BC12&BD12&BE12=BE$5&BD$5&BC$5),2,0),IF(AND(BC12=BC$5,BD$6>=$D$129),1,0),IF(AND(BD12=BC$5,BD$6>=$D$129),1,0),IF(AND(BE12=BC$5,BD$6>=$D$129),1,0),IF(BC12&BF12=BF$5,4,0),IF(AND(BC12=BC$5,BD$6<=$D$104),-0.5,0),IF(AND(BD12=BC$5,BD$6<=$D$104),-0.5,0),IF(AND(BE12=BC$5,BD$6<=$D$104),-0.5,0)) -> 5 | BH12: 5 | BI12: 1 | BJ12: 3 | BL12: =SUM(IF(BH12=BH$5,4,0),IF(BH12&BI12=BH$5&BI$5,1,0), IF(AND(BH12=BH$5,BI$6>=$D$115),1,0), IF(AND(BI12=BH$5,BI$6>=$D$115),1,0), IF(AND(BJ12=BH$5,BI$6>=$D$115),1,0), IF(BH12&BK12=BL$5,1,0), IF(BI12=BH$5,2,0), IF(BJ12=BH$5,1,0), IF(OR(BH12&BI12&BJ12=BH$5&BI$5&BJ$5,BH12&BI12&BJ12=BH$5&BJ$5&BI$5,BH12&BI12&BJ12=BI$5&BH$5&BJ$5,BH12&BI12&BJ12=BI$5&BJ$5&BH$5,BH12&BI12&BJ12=BJ$5&BH$5&BI$5,BH12&BI12&BJ12=BJ$5&BI$5&BH$5),2,0),IF(AND(BH12=BH$5,BI$6>=$D$129),1,0),IF(AND(BI12=BH$5,BI$6>=$D$129),1,0),IF(AND(BJ12=BH$5,BI$6>=$D$129),1,0),IF(BH12&BK12=BK$5,4,0),IF(AND(BH12=BH$5,BI$6<=$D$104),-0.5,0),IF(AND(BI12=BH$5,BI$6<=$D$104),-0.5,0),IF(AND(BJ12=BH$5,BI$6<=$D$104),-0.5,0)) -> 0 | BM12: 1 | BN12: 3 | BO12: 5 | BQ12: =SUM(IF(BM12=BM$5,4,0),IF(BM12&BN12=BM$5&BN$5,1,0), IF(AND(BM12=BM$5,BN$6>=$D$115),1,0), IF(AND(BN12=BM$5,BN$6>=$D$115),1,0), IF(AND(BO12=BM$5,BN$6>=$D$115),1,0), IF(BM12&BP12=BQ$5,1,0), IF(BN12=BM$5,2,0), IF(BO12=BM$5,1,0), IF(OR(BM12&BN12&BO12=BM$5&BN$5&BO$5,BM12&BN12&BO12=BM$5&BO$5&BN$5,BM12&BN12&BO12=BN$5&BM$5&BO$5,BM12&BN12&BO12=BN$5&BO$5&BM$5,BM12&BN12&BO12=BO$5&BM$5&BN$5,BM12&BN12&BO12=BO$5&BN$5&BM$5),2,0),IF(AND(BM12=BM$5,BN$6>=$D$129),1,0),IF(AND(BN12=BM$5,BN$6>=$D$129),1,0),IF(AND(BO12=BM$5,BN$6>=$D$129),1,0),IF(BM12&BP12=BP$5,4,0),IF(AND(BM12=BM$5,BN$6<=$D$104),-0.5,0),IF(AND(BN12=BM$5,BN$6<=$D$104),-0.5,0),IF(AND(BO12=BM$5,BN$6<=$D$104),-0.5,0)) -> 2 | BV12: =SUM(IF(BR12=BR$5,4,0),IF(BR12&BS12=BR$5&BS$5,1,0), IF(AND(BR12=BR$5,BS$6>=$D$115),1,0), IF(AND(BS12=BR$5,BS$6>=$D$115),1,0), IF(AND(BT12=BR$5,BS$6>=$D$115),1,0), IF(BR12&BU12=BV$5,1,0), IF(BS12=BR$5,2,0), IF(BT12=BR$5,1,0), IF(OR(BR12&BS12&BT12=BR$5&BS$5&BT$5,BR12&BS12&BT12=BR$5&BT$5&BS$5,BR12&BS12&BT12=BS$5&BR$5&BT$5,BR12&BS12&BT12=BS$5&BT$5&BR$5,BR12&BS12&BT12=BT$5&BR$5&BS$5,BR12&BS12&BT12=BT$5&BS$5&BR$5),2,0),IF(AND(BR12=BR$5,BS$6>=$D$129),1,0),IF(AND(BS12=BR$5,BS$6>=$D$129),1,0),IF(AND(BT12=BR$5,BS$6>=$D$129),1,0),IF(BR12&BU12=BU$5,4,0),IF(AND(BR12=BR$5,BS$6<=$D$104),-0.5,0),IF(AND(BS12=BR$5,BS$6<=$D$104),-0.5,0),IF(AND(BT12=BR$5,BS$6<=$D$104),-0.5,0)) -> 0 | CA12: =SUM(IF(BW12=BW$5,4,0),IF(BW12&BX12=BW$5&BX$5,1,0), IF(AND(BW12=BW$5,BX$6>=$D$115),1,0), IF(AND(BX12=BW$5,BX$6>=$D$115),1,0), IF(AND(BY12=BW$5,BX$6>=$D$115),1,0), IF(BW12&BZ12=CA$5,1,0), IF(BX12=BW$5,2,0), IF(BY12=BW$5,1,0), IF(OR(BW12&BX12&BY12=BW$5&BX$5&BY$5,BW12&BX12&BY12=BW$5&BY$5&BX$5,BW12&BX12&BY12=BX$5&BW$5&BY$5,BW12&BX12&BY12=BX$5&BY$5&BW$5,BW12&BX12&BY12=BY$5&BW$5&BX$5,BW12&BX12&BY12=BY$5&BX$5&BW$5),2,0),IF(AND(BW12=BW$5,BX$6>=$D$129),1,0),IF(AND(BX12=BW$5,BX$6>=$D$129),1,0),IF(AND(BY12=BW$5,BX$6>=$D$129),1,0),IF(BW12&BZ12=BZ$5,4,0),IF(AND(BW12=BW$5,BX$6<=$D$104),-0.5,0),IF(AND(BX12=BW$5,BX$6<=$D$104),-0.5,0),IF(AND(BY12=BW$5,BX$6<=$D$104),-0.5,0)) -> 0 | CF12: =SUM(IF(CB12=CB$5,4,0),IF(CB12&CC12=CB$5&CC$5,1,0), IF(AND(CB12=CB$5,CC$6>=$D$115),1,0), IF(AND(CC12=CB$5,CC$6>=$D$115),1,0), IF(AND(CD12=CB$5,CC$6>=$D$115),1,0), IF(CB12&CE12=CF$5,1,0), IF(CC12=CB$5,2,0), IF(CD12=CB$5,1,0), IF(OR(CB12&CC12&CD12=CB$5&CC$5&CD$5,CB12&CC12&CD12=CB$5&CD$5&CC$5,CB12&CC12&CD12=CC$5&CB$5&CD$5,CB12&CC12&CD12=CC$5&CD$5&CB$5,CB12&CC12&CD12=CD$5&CB$5&CC$5,CB12&CC12&CD12=CD$5&CC$5&CB$5),2,0),IF(AND(CB12=CB$5,CC$6>=$D$129),1,0),IF(AND(CC12=CB$5,CC$6>=$D$129),1,0),IF(AND(CD12=CB$5,CC$6>=$D$129),1,0),IF(CB12&CE12=CE$5,4,0),IF(AND(CB12=CB$5,CC$6<=$D$104),-0.5,0),IF(AND(CC12=CB$5,CC$6<=$D$104),-0.5,0),IF(AND(CD12=CB$5,CC$6<=$D$104),-0.5,0)) -> 0 | CG12: =IF(BASE01[[#This Row],[1]]="",0,$B$4) -> 13 | CH12: =COUNTIF(BASE01[[#This Row],[1]],$E$5)+COUNTIF(BASE01[[#This Row],[12]],$J$5)+COUNTIF(BASE01[[#This Row],[Columna4]],$O$5)+COUNTIF(BASE01[[#This Row],[Columna7]],$T$5)+COUNTIF(BASE01[[#This Row],[Columna10]],$Y$5)+COUNTIF(BASE01[[#This Row],[1RA]],$AD$5)+COUNTIF(BASE01[[#This Row],[Columna16]],$AI$5)+COUNTIF(BASE01[[#This Row],[123]],$AN$5)+COUNTIF(BASE01[[#This Row],[AAAA]],$AS$5)+COUNTIF(BASE01[[#This Row],[Columna25]],$AX$5)+COUNTIF(BASE01[[#This Row],[Columna272]],$BC$5)+COUNTIF(BASE01[[#This Row],[Columna276]],$BH$5)+COUNTIF(BASE01[[#This Row],[Columna280]],$BM$5)+COUNTIF(BASE01[[#This Row],[Columna2802]],$BR$5)+COUNTIF(BASE01[[#This Row],[Columna2803]],$BW$5)+COUNTIF(BASE01[[#This Row],[Columna2804]],$CB$5) -> 5 | CI12: =IF(BASE01[[#This Row],[Columna14]]=0,0,(CH12/CG12)) -> 0.38461538 | CJ12: =IF(BASE01[[#This Row],[1]]="",0,$B$4) -> 13 | CK12: =COUNTIF(BASE01[[#This Row],[1]]:BASE01[[#This Row],[2]],$E$5)+COUNTIF(BASE01[[#This Row],[12]]:BASE01[[#This Row],[Columna2]],$J$5)+COUNTIF(BASE01[[#This Row],[Columna4]]:BASE01[[#This Row],[Columna5]],$O$5)+COUNTIF(BASE01[[#This Row],[Columna7]]:BASE01[[#This Row],[Columna8]],$T$5)+COUNTIF(BASE01[[#This Row],[Columna10]]:BASE01[[#This Row],[Columna11]],$Y$5)+COUNTIF(BASE01[[#This Row],[1RA]]:BASE01[[#This Row],[2DA]],$AD$5)+COUNTIF(BASE01[[#This Row],[Columna16]:[Columna17]],$AI$5)+COUNTIF(BASE01[[#This Row],[123]:[555]],$AN$5)+COUNTIF(BASE01[[#This Row],[AAAA]]:BASE01[[#This Row],[BBBB]],$AS$5)+COUNTIF(BASE01[[#This Row],[Columna25]]:BASE01[[#This Row],[Columna26]],$AX$5)+COUNTIF(BASE01[[#This Row],[Columna272]]:BASE01[[#This Row],[Columna273]],$BC$5)+COUNTIF(BASE01[[#This Row],[Columna276]]:BASE01[[#This Row],[Columna277]],$BH$5)+COUNTIF(BASE01[[#This Row],[Columna280]]:BASE01[[#This Row],[Columna281]],$BM$5)+COUNTIF(BASE01[[#This Row],[Columna2802]]:BASE01[[#This Row],[Columna2813]],$BR$5)+COUNTIF(BASE01[[#This Row],[Columna2803]:[Columna2814]],$BW$5)+COUNTIF(BASE01[[#This Row],[Columna2804]:[Columna2815]],$CB$5) -> 8 | CL12: =IF(BASE01[[#This Row],[Columna14]]=0,0,(CK12/CJ12)) -> 0.61538462 | CM12: =IF(BASE01[[#This Row],[1]]="",0,$B$4) -> 13 | CN12: =COUNTIF(BASE01[[#This Row],[1]:[22]],$E$5)+COUNTIF(BASE01[[#This Row],[12]:[Columna23]],$J$5)+COUNTIF(BASE01[[#This Row],[Columna4]:[Columna53]],$O$5)+COUNTIF(BASE01[[#This Row],[Columna7]:[Columna83]],$T$5)+COUNTIF(BASE01[[#This Row],[Columna10]:[Columna113]],$Y$5)+COUNTIF(BASE01[[#This Row],[1RA]:[2DA2]],$AD$5)+COUNTIF(BASE01[[#This Row],[Columna16]:[Columna173]],$AI$5)+COUNTIF(BASE01[[#This Row],[123]:[556]],$AN$5)+COUNTIF(BASE01[[#This Row],[AAAA]:[Columna13]],$AS$5)+COUNTIF(BASE01[[#This Row],[Columna25]:[Columna263]],$AX$5)+COUNTIF(BASE01[[#This Row],[Columna272]:[Columna2732]],$BC$5)+COUNTIF(BASE01[[#This Row],[Columna276]:[Columna2772]],$BH$5)+COUNTIF(BASE01[[#This Row],[Columna280]:[Columna2812]],$BM$5)+COUNTIF(BASE01[[#This Row],[Columna2802]:[Columna28124]],$BR$5)+COUNTIF(BASE01[[#This Row],[Columna2803]:[Columna28125]],$BW$5)+COUNTIF(BASE01[[#This Row],[Columna2804]:[Columna28126]],$CB$5) -> 10 | CO12: =IF(BASE01[[#This Row],[Columna14]]=0,0,(CN12/CM12)) -> 0.76923077 | CP12: =SUM( (AND(OR(BASE01[[#This Row],[3]]="F", BASE01[[#This Row],[3]]="SF"), F$6<>"")), (AND(OR(BASE01[[#This Row],[Columna28]]="F", BASE01[[#This Row],[Columna28]]="SF"), K$6<>"")), (AND(OR(BASE01[[#This Row],[Columna52]]="F", BASE01[[#This Row],[Columna52]]="SF"), P$6<>"")), (AND(OR(BASE01[[#This Row],[Columna82]]="F", BASE01[[#This Row],[Columna82]]="SF"), U$6<>"")), (AND(OR(BASE01[[#This Row],[Columna112]]="F", BASE01[[#This Row],[Columna112]]="SF"), Z$6<>"")), (AND(OR(BASE01[[#This Row],[3RA]]="F", BASE01[[#This Row],[3RA]]="SF"), AE$6<>"")), (AND(OR(BASE01[[#This Row],[Columna172]]="F",BASE01[[#This Row],[Columna172]]="SF"), AJ$6<>"")), (AND(OR(BASE01[[#This Row],[111]]="F", BASE01[[#This Row],[111]]="SF"), AO$6<>"")), (AND(OR(BASE01[[#This Row],[CCCC]]="F", BASE01[[#This Row],[CCCC]]="SF"), AT$6<>"")), (AND(OR(BASE01[[#This Row],[Columna262]]="F",BASE01[[#This Row],[Columna262]]="SF"), AY$6<>"")), (AND(OR(BASE01[[#This Row],[Columna274]]="F", BASE01[[#This Row],[Columna274]]="SF"), BD$6<>"")), (AND(OR(BASE01[[#This Row],[Columna278]]="F", BASE01[[#This Row],[Columna278]]="SF"), BI$6<>"")), (AND(OR(BASE01[[#This Row],[Columna282]]="F", BASE01[[#This Row],[Columna282]]="SF"), BN$6<>"")), (AND(OR(BASE01[[#This Row],[Columna2825]]="F", BASE01[[#This Row],[Columna2825]]="SF"), BS$6<>"")), (AND(OR(BASE01[[#This Row],[Columna2826]]="F", BASE01[[#This Row],[Columna2826]]="SF"), BX$6<>"")), (AND(OR(BASE01[[#This Row],[Columna2827]]="F", BASE01[[#This Row],[Columna2827]]="SF"), CC$6<>"")) ) -> 3 | CQ12: =COUNTIFS(BASE01[[#This Row],[1]],$E$5,BASE01[[#This Row],[3]],"F")+COUNTIFS(BASE01[[#This Row],[12]],$J$5,BASE01[[#This Row],[Columna28]],"F")+COUNTIFS(BASE01[[#This Row],[Columna4]],$O$5,BASE01[[#This Row],[Columna52]],"F")+COUNTIFS(BASE01[[#This Row],[Columna7]],$T$5,BASE01[[#This Row],[Columna82]],"F")+COUNTIFS(BASE01[[#This Row],[Columna10]],$Y$5,BASE01[[#This Row],[Columna112]],"F")+COUNTIFS(BASE01[[#This Row],[1RA]],$AD$5,BASE01[[#This Row],[3RA]],"F")+COUNTIFS(BASE01[[#This Row],[Columna16]],$AI$5,BASE01[[#This Row],[Columna172]],"F")+COUNTIFS(BASE01[[#This Row],[123]],$AN$5,BASE01[[#This Row],[111]],"F")+COUNTIFS(BASE01[[#This Row],[AAAA]],$AS$5,BASE01[[#This Row],[CCCC]],"F")+COUNTIFS(BASE01[[#This Row],[Columna25]],$AX$5,BASE01[[#This Row],[Columna262]],"F")+COUNTIFS(BASE01[[#This Row],[Columna272]],$BC$5,BASE01[[#This Row],[Columna274]],"F")+COUNTIFS(BASE01[[#This Row],[Columna276]],$BH$5,BASE01[[#This Row],[Columna278]],"F")+COUNTIFS(BASE01[[#This Row],[Columna280]],$BM$5,BASE01[[#This Row],[Columna282]],"F")+COUNTIFS(BASE01[[#This Row],[1]],$E$5,BASE01[[#This Row],[3]],"SF")+COUNTIFS(BASE01[[#This Row],[12]],$J$5,BASE01[[#This Row],[Columna28]],"SF")+COUNTIFS(BASE01[[#This Row],[Columna4]],$O$5,BASE01[[#This Row],[Columna52]],"SF")+COUNTIFS(BASE01[[#This Row],[Columna7]],$T$5,BASE01[[#This Row],[Columna82]],"SF")+COUNTIFS(BASE01[[#This Row],[Columna10]],$Y$5,BASE01[[#This Row],[Columna112]],"SF")+COUNTIFS(BASE01[[#This Row],[1RA]],$AD$5,BASE01[[#This Row],[3RA]],"SF")+COUNTIFS(BASE01[[#This Row],[Columna16]],$AI$5,BASE01[[#This Row],[Columna172]],"SF")+COUNTIFS(BASE01[[#This Row],[123]],$AN$5,BASE01[[#This Row],[111]],"SF")+COUNTIFS(BASE01[[#This Row],[AAAA]],$AS$5,BASE01[[#This Row],[CCCC]],"SF")+COUNTIFS(BASE01[[#This Row],[Columna25]],$AX$5,BA12,"SF")+COUNTIFS(BASE01[[#This Row],[Columna272]],$BC$5,BASE01[[#This Row],[Columna274]],"SF")+COUNTIFS(BASE01[[#This Row],[Columna276]],$BH$5,BASE01[[#This Row],[Columna278]],"SF")+COUNTIFS(BASE01[[#This Row],[Columna280]],$BM$5,BASE01[[#This Row],[Columna282]],"SF") -> 2 | CR12: =IF(BASE01[[#This Row],[Columna14]]=0,0,(CQ12/CP12)) -> 0.66666667 | CS12: =SUM(BASE01[[#This Row],[PTS]],BASE01[[#This Row],[Columna3]],BASE01[[#This Row],[Columna6]],BASE01[[#This Row],[Columna9]],BASE01[[#This Row],[Columna12]],BASE01[[#This Row],[Columna15]],BASE01[[#This Row],[Columna18]],BASE01[[#This Row],[Columna21]],BASE01[[#This Row],[Columna24]],BASE01[[#This Row],[Columna27]],BASE01[[#This Row],[Columna275]],BASE01[[#This Row],[Columna279]],BASE01[[#This Row],[Columna283]],BASE01[[#This Row],[Columna28310]],BASE01[[#This Row],[Columna2837]],BASE01[[#This Row],[Columna2838]]) -> 37 | CU12: =SUM(CS12,CT12) -> 37 | CV12: =IF(BASE01[[#This Row],[TIPO]]="PREMIO",$O$3,"0,00") -> 1000 | CY12: 5 | CZ12: =Z$6 -> 110 | DB12: =BASE01[[#This Row],[COD]] -> COD 05 | DC12: {=IFERROR(IF(AND(INDEX($E$8:$CE$57, MATCH($C12, $C$8:$C$57, 0), (COLUMNS($DC12:DC12)-1)*5 + 1) = INDEX($E$5:$CE$5, 1, (COLUMNS($DC12:DC12)-1)*5 + 1), INDEX($E$8:$CE$57, MATCH($C12, $C$8:$C$57, 0), (COLUMNS($DC12:DC12)-1)*5 + 4) = "F"), INDEX($CZ$8:$CZ$23, COLUMNS($DC12:DC12)), "0"), "")} -> 0 | DD12: {=IFERROR(IF(AND(INDEX($E$8:$CE$57, MATCH($C12, $C$8:$C$57, 0), (COLUMNS($DC12:DD12)-1)*5 + 1) = INDEX($E$5:$CE$5, 1, (COLUMNS($DC12:DD12)-1)*5 + 1), INDEX($E$8:$CE$57, MATCH($C12, $C$8:$C$57, 0), (COLUMNS($DC12:DD12)-1)*5 + 4) = "F"), INDEX($CZ$8:$CZ$23, COLUMNS($DC12:DD12)), "0"), "")} -> 0 | DE12: {=IFERROR(IF(AND(INDEX($E$8:$CE$57, MATCH($C12, $C$8:$C$57, 0), (COLUMNS($DC12:DE12)-1)*5 + 1) = INDEX($E$5:$CE$5, 1, (COLUMNS($DC12:DE12)-1)*5 + 1), INDEX($E$8:$CE$57, MATCH($C12, $C$8:$C$57, 0), (COLUMNS($DC12:DE12)-1)*5 + 4) = "F"), INDEX($CZ$8:$CZ$23, COLUMNS($DC12:DE12)), "0"), "")} -> 0 | DF12: {=IFERROR(IF(AND(INDEX($E$8:$CE$57, MATCH($C12, $C$8:$C$57, 0), (COLUMNS($DC12:DF12)-1)*5 + 1) = INDEX($E$5:$CE$5, 1, (COLUMNS($DC12:DF12)-1)*5 + 1), INDEX($E$8:$CE$57, MATCH($C12, $C$8:$C$57, 0), (COLUMNS($DC12:DF12)-1)*5 + 4) = "F"), INDEX($CZ$8:$CZ$23, COLUMNS($DC12:DF12)), "0"), "")} -> 0 | DG12: {=IFERROR(IF(AND(INDEX($E$8:$CE$57, MATCH($C12, $C$8:$C$57, 0), (COLUMNS($DC12:DG12)-1)*5 + 1) = INDEX($E$5:$CE$5, 1, (COLUMNS($DC12:DG12)-1)*5 + 1), INDEX($E$8:$CE$57, MATCH($C12, $C$8:$C$57, 0), (COLUMNS($DC12:DG12)-1)*5 + 4) = "F"), INDEX($CZ$8:$CZ$23, COLUMNS($DC12:DG12)), "0"), "")} -> 110 | DH12: {=IFERROR(IF(AND(INDEX($E$8:$CE$57, MATCH($C12, $C$8:$C$57, 0), (COLUMNS($DC12:DH12)-1)*5 + 1) = INDEX($E$5:$CE$5, 1, (COLUMNS($DC12:DH12)-1)*5 + 1), INDEX($E$8:$CE$57, MATCH($C12, $C$8:$C$57, 0), (COLUMNS($DC12:DH12)-1)*5 + 4) = "F"), INDEX($CZ$8:$CZ$23, COLUMNS($DC12:DH12)), "0"), "")} -> 0 | DI12: {=IFERROR(IF(AND(INDEX($E$8:$CE$57, MATCH($C12, $C$8:$C$57, 0), (COLUMNS($DC12:DI12)-1)*5 + 1) = INDEX($E$5:$CE$5, 1, (COLUMNS($DC12:DI12)-1)*5 + 1), INDEX($E$8:$CE$57, MATCH($C12, $C$8:$C$57, 0), (COLUMNS($DC12:DI12)-1)*5 + 4) = "F"), INDEX($CZ$8:$CZ$23, COLUMNS($DC12:DI12)), "0"), "")} -> 0 | DJ12: {=IFERROR(IF(AND(INDEX($E$8:$CE$57, MATCH($C12, $C$8:$C$57, 0), (COLUMNS($DC12:DJ12)-1)*5 + 1) = INDEX($E$5:$CE$5, 1, (COLUMNS($DC12:DJ12)-1)*5 + 1), INDEX($E$8:$CE$57, MATCH($C12, $C$8:$C$57, 0), (COLUMNS($DC12:DJ12)-1)*5 + 4) = "F"), INDEX($CZ$8:$CZ$23, COLUMNS($DC12:DJ12)), "0"), "")} -> 0 | ... DR12: {=IFERROR(IF(AND(INDEX($E$8:$CE$57, MATCH($C12, $C$8:$C$57, 0), (COLUMNS($DC12:DR12)-1)*5 + 1) = INDEX($E$5:$CE$5, 1, (COLUMNS($DC12:DR12)-1)*5 + 1), INDEX($E$8:$CE$57, MATCH($C12, $C$8:$C$57, 0), (COLUMNS($DC12:DR12)-1)*5 + 4) = "F"), INDEX($CZ$8:$CZ$23, COLUMNS($DC12:DR12)), "0"), "")} -> 0 | DT12: =BASE01[[#This Row],[COD]] -> COD 05 | DU12: {=IFERROR(IF(AND(INDEX($E$8:$CE$57, MATCH($C12, $C$8:$C$57, 0), (COLUMNS($DU12:DU12)-1)*5 + 1) = INDEX($E$5:$CE$5, 1, (COLUMNS($DU12:DU12)-1)*5 + 1), INDEX($E$8:$CE$57, MATCH($C12, $C$8:$C$57, 0), (COLUMNS($DU12:DU12)-1)*5 + 4) = "SF"), INDEX($CZ$8:$CZ$23, COLUMNS($DU12:DU12)), "0"), "")} -> 0 | DV12: {=IFERROR(IF(AND(INDEX($E$8:$CE$57, MATCH($C12, $C$8:$C$57, 0), (COLUMNS($DU12:DV12)-1)*5 + 1) = INDEX($E$5:$CE$5, 1, (COLUMNS($DU12:DV12)-1)*5 + 1), INDEX($E$8:$CE$57, MATCH($C12, $C$8:$C$57, 0), (COLUMNS($DU12:DV12)-1)*5 + 4) = "SF"), INDEX($CZ$8:$CZ$23, COLUMNS($DU12:DV12)), "0"), "")} -> 0 | DW12: {=IFERROR(IF(AND(INDEX($E$8:$CE$57, MATCH($C12, $C$8:$C$57, 0), (COLUMNS($DU12:DW12)-1)*5 + 1) = INDEX($E$5:$CE$5, 1, (COLUMNS($DU12:DW12)-1)*5 + 1), INDEX($E$8:$CE$57, MATCH($C12, $C$8:$C$57, 0), (COLUMNS($DU12:DW12)-1)*5 + 4) = "SF"), INDEX($CZ$8:$CZ$23, COLUMNS($DU12:DW12)), "0"), "")} -> 0 | DX12: {=IFERROR(IF(AND(INDEX($E$8:$CE$57, MATCH($C12, $C$8:$C$57, 0), (COLUMNS($DU12:DX12)-1)*5 + 1) = INDEX($E$5:$CE$5, 1, (COLUMNS($DU12:DX12)-1)*5 + 1), INDEX($E$8:$CE$57, MATCH($C12, $C$8:$C$57, 0), (COLUMNS($DU12:DX12)-1)*5 + 4) = "SF"), INDEX($CZ$8:$CZ$23, COLUMNS($DU12:DX12)), "0"), "")} -> 110 | DY12: {=IFERROR(IF(AND(INDEX($E$8:$CE$57, MATCH($C12, $C$8:$C$57, 0), (COLUMNS($DU12:DY12)-1)*5 + 1) = INDEX($E$5:$CE$5, 1, (COLUMNS($DU12:DY12)-1)*5 + 1), INDEX($E$8:$CE$57, MATCH($C12, $C$8:$C$57, 0), (COLUMNS($DU12:DY12)-1)*5 + 4) = "SF"), INDEX($CZ$8:$CZ$23, COLUMNS($DU12:DY12)), "0"), "")} -> 0 | DZ12: {=IFERROR(IF(AND(INDEX($E$8:$CE$57, MATCH($C12, $C$8:$C$57, 0), (COLUMNS($DU12:DZ12)-1)*5 + 1) = INDEX($E$5:$CE$5, 1, (COLUMNS($DU12:DZ12)-1)*5 + 1), INDEX($E$8:$CE$57, MATCH($C12, $C$8:$C$57, 0), (COLUMNS($DU12:DZ12)-1)*5 + 4) = "SF"), INDEX($CZ$8:$CZ$23, COLUMNS($DU12:DZ12)), "0"), "")} -> 0 | EA12: {=IFERROR(IF(AND(INDEX($E$8:$CE$57, MATCH($C12, $C$8:$C$57, 0), (COLUMNS($DU12:EA12)-1)*5 + 1) = INDEX($E$5:$CE$5, 1, (COLUMNS($DU12:EA12)-1)*5 + 1), INDEX($E$8:$CE$57, MATCH($C12, $C$8:$C$57, 0), (COLUMNS($DU12:EA12)-1)*5 + 4) = "SF"), INDEX($CZ$8:$CZ$23, COLUMNS($DU12:EA12)), "0"), "")} -> 0 | EB12: {=IFERROR(IF(AND(INDEX($E$8:$CE$57, MATCH($C12, $C$8:$C$57, 0), (COLUMNS($DU12:EB12)-1)*5 + 1) = INDEX($E$5:$CE$5, 1, (COLUMNS($DU12:EB12)-1)*5 + 1), INDEX($E$8:$CE$57, MATCH($C12, $C$8:$C$57, 0), (COLUMNS($DU12:EB12)-1)*5 + 4) = "SF"), INDEX($CZ$8:$CZ$23, COLUMNS($DU12:EB12)), "0"), "")} -> 0 | ... EJ12: {=IFERROR(IF(AND(INDEX($E$8:$CE$57, MATCH($C12, $C$8:$C$57, 0), (COLUMNS($DU12:EJ12)-1)*5 + 1) = INDEX($E$5:$CE$5, 1, (COLUMNS($DU12:EJ12)-1)*5 + 1), INDEX($E$8:$CE$57, MATCH($C12, $C$8:$C$57, 0), (COLUMNS($DU12:EJ12)-1)*5 + 4) = "SF"), INDEX($CZ$8:$CZ$23, COLUMNS($DU12:EJ12)), "0"), "")} -> 0
B13: =IF(BASE01[[#This Row],[COD]]<>"",B12+1,"") -> 6 | C13: COD 06 | D13: {=IF(BASE01[[#This Row],[COD]]="","",_xlfn.IFS(_xlfn.XLOOKUP(BASE01[[#This Row],[COD]],CODIGOS_Y_PAGOS[CODIGO],CODIGOS_Y_PAGOS[06/09/2026],"")="X","PREMIO",_xlfn.XLOOKUP(BASE01[[#This Row],[COD]],CODIGOS_Y_PAGOS[CODIGO],CODIGOS_Y_PAGOS[06/09/2026],"")="","NO ENVIÓ",_xlfn.XLOOKUP(BASE01[[#This Row],[COD]],CODIGOS_Y_PAGOS[CODIGO],CODIGOS_Y_PAGOS[06/09/2026],"")=0,"MEETING",_xlfn.XLOOKUP(BASE01[[#This Row],[COD]],CODIGOS_Y_PAGOS[CODIGO],CODIGOS_Y_PAGOS[06/09/2026],"")="O","PREMIO",_xlfn.XLOOKUP(BASE01[[#This Row],[COD]],CODIGOS_Y_PAGOS[CODIGO],CODIGOS_Y_PAGOS[06/09/2026],"")="-","PAGO PENDIENTE"))} -> PREMIO | E13: 1 | F13: 2 | G13: 6 | I13: =SUM(IF(E13=E$5,4,0),IF(E13&F13=E$5&F$5,1,0), IF(AND(E13=E$5,F$6>=$D$115),1,0), IF(AND(F13=E$5,F$6>=$D$115),1,0), IF(AND(G13=E$5,F$6>=$D$115),1,0), IF(E13&H13=I$5,1,0), IF(F13=E$5,2,0), IF(G13=E$5,1,0), IF(OR(E13&F13&G13=E$5&F$5&G$5,E13&F13&G13=E$5&G$5&F$5,E13&F13&G13=F$5&E$5&G$5,E13&F13&G13=F$5&G$5&E$5,E13&F13&G13=G$5&E$5&F$5,E13&F13&G13=G$5&F$5&E$5),2,0),IF(AND(E13=E$5,F$6>=$D$129),1,0),IF(AND(F13=E$5,F$6>=$D$129),1,0),IF(AND(G13=E$5,F$6>=$D$129),1,0),IF(E13&H13=H$5,4,0),IF(AND(E13=E$5,F$6<=$D$104),-0.5,0),IF(AND(F13=E$5,F$6<=$D$104),-0.5,0),IF(AND(G13=E$5,F$6<=$D$104),-0.5,0)) -> 0 | J13: 3 | K13: 8 | L13: 7 | N13: =SUM(IF(J13=J$5,4,0),IF(J13&K13=J$5&K$5,1,0), IF(AND(J13=J$5,K$6>=$D$115),1,0), IF(AND(K13=J$5,K$6>=$D$115),1,0), IF(AND(L13=J$5,K$6>=$D$115),1,0), IF(J13&M13=N$5,1,0), IF(K13=J$5,2,0), IF(L13=J$5,1,0), IF(OR(J13&K13&L13=J$5&K$5&L$5,J13&K13&L13=J$5&L$5&K$5,J13&K13&L13=K$5&J$5&L$5,J13&K13&L13=K$5&L$5&J$5,J13&K13&L13=L$5&J$5&K$5,J13&K13&L13=L$5&K$5&J$5),2,0),IF(AND(J13=J$5,K$6>=$D$129),1,0),IF(AND(K13=J$5,K$6>=$D$129),1,0),IF(AND(L13=J$5,K$6>=$D$129),1,0),IF(J13&M13=M$5,4,0),IF(AND(J13=J$5,K$6<=$D$104),-0.5,0),IF(AND(K13=J$5,K$6<=$D$104),-0.5,0),IF(AND(L13=J$5,K$6<=$D$104),-0.5,0)) -> 5 | O13: 2 | P13: 3 | Q13: 5 | S13: =SUM(IF(O13=O$5,4,0),IF(O13&P13=O$5&P$5,1,0), IF(AND(O13=O$5,P$6>=$D$115),1,0), IF(AND(P13=O$5,P$6>=$D$115),1,0), IF(AND(Q13=O$5,P$6>=$D$115),1,0), IF(O13&R13=S$5,1,0), IF(P13=O$5,2,0), IF(Q13=O$5,1,0), IF(OR(O13&P13&Q13=O$5&P$5&Q$5,O13&P13&Q13=O$5&Q$5&P$5,O13&P13&Q13=P$5&O$5&Q$5,O13&P13&Q13=P$5&Q$5&O$5,O13&P13&Q13=Q$5&O$5&P$5,O13&P13&Q13=Q$5&P$5&O$5),2,0),IF(AND(O13=O$5,P$6>=$D$129),1,0),IF(AND(P13=O$5,P$6>=$D$129),1,0),IF(AND(Q13=O$5,P$6>=$D$129),1,0),IF(O13&R13=R$5,4,0),IF(AND(O13=O$5,P$6<=$D$104),-0.5,0),IF(AND(P13=O$5,P$6<=$D$104),-0.5,0),IF(AND(Q13=O$5,P$6<=$D$104),-0.5,0)) -> 0 | T13: 6 | U13: 2 | V13: 8 | X13: =SUM(IF(T13=T$5,4,0),IF(T13&U13=T$5&U$5,1,0), IF(AND(T13=T$5,U$6>=$D$115),1,0), IF(AND(U13=T$5,U$6>=$D$115),1,0), IF(AND(V13=T$5,U$6>=$D$115),1,0), IF(T13&W13=X$5,1,0), IF(U13=T$5,2,0), IF(V13=T$5,1,0), IF(OR(T13&U13&V13=T$5&U$5&V$5,T13&U13&V13=T$5&V$5&U$5,T13&U13&V13=U$5&T$5&V$5,T13&U13&V13=U$5&V$5&T$5,T13&U13&V13=V$5&T$5&U$5,T13&U13&V13=V$5&U$5&T$5),2,0),IF(AND(T13=T$5,U$6>=$D$129),1,0),IF(AND(U13=T$5,U$6>=$D$129),1,0),IF(AND(V13=T$5,U$6>=$D$129),1,0),IF(T13&W13=W$5,4,0),IF(AND(T13=T$5,U$6<=$D$104),-0.5,0),IF(AND(U13=T$5,U$6<=$D$104),-0.5,0),IF(AND(V13=T$5,U$6<=$D$104),-0.5,0)) -> 3.5 | Y13: 5 | Z13: 1 | AA13: 10 | AB13: F | AC13: =SUM(IF(Y13=Y$5,4,0),IF(Y13&Z13=Y$5&Z$5,1,0), IF(AND(Y13=Y$5,Z$6>=$D$115),1,0), IF(AND(Z13=Y$5,Z$6>=$D$115),1,0), IF(AND(AA13=Y$5,Z$6>=$D$115),1,0), IF(Y13&AB13=AC$5,1,0), IF(Z13=Y$5,2,0), IF(AA13=Y$5,1,0), IF(OR(Y13&Z13&AA13=Y$5&Z$5&AA$5,Y13&Z13&AA13=Y$5&AA$5&Z$5,Y13&Z13&AA13=Z$5&Y$5&AA$5,Y13&Z13&AA13=Z$5&AA$5&Y$5,Y13&Z13&AA13=AA$5&Y$5&Z$5,Y13&Z13&AA13=AA$5&Z$5&Y$5),2,0),IF(AND(Y13=Y$5,Z$6>=$D$129),1,0),IF(AND(Z13=Y$5,Z$6>=$D$129),1,0),IF(AND(AA13=Y$5,Z$6>=$D$129),1,0),IF(Y13&AB13=AB$5,4,0),IF(AND(Y13=Y$5,Z$6<=$D$104),-0.5,0),IF(AND(Z13=Y$5,Z$6<=$D$104),-0.5,0),IF(AND(AA13=Y$5,Z$6<=$D$104),-0.5,0)) -> 4.5 | AD13: 7 | AE13: 2 | AF13: 5 | AH13: =SUM(IF(AD13=AD$5,4,0),IF(AD13&AE13=AD$5&AE$5,1,0), IF(AND(AD13=AD$5,AE$6>=$D$115),1,0), IF(AND(AE13=AD$5,AE$6>=$D$115),1,0), IF(AND(AF13=AD$5,AE$6>=$D$115),1,0), IF(AD13&AG13=AH$5,1,0), IF(AE13=AD$5,2,0), IF(AF13=AD$5,1,0), IF(OR(AD13&AE13&AF13=AD$5&AE$5&AF$5,AD13&AE13&AF13=AD$5&AF$5&AE$5,AD13&AE13&AF13=AE$5&AD$5&AF$5,AD13&AE13&AF13=AE$5&AF$5&AD$5,AD13&AE13&AF13=AF$5&AD$5&AE$5,AD13&AE13&AF13=AF$5&AE$5&AD$5),2,0),IF(AND(AD13=AD$5,AE$6>=$D$129),1,0),IF(AND(AE13=AD$5,AE$6>=$D$129),1,0),IF(AND(AF13=AD$5,AE$6>=$D$129),1,0),IF(AD13&AG13=AG$5,4,0),IF(AND(AD13=AD$5,AE$6<=$D$104),-0.5,0),IF(AND(AE13=AD$5,AE$6<=$D$104),-0.5,0),IF(AND(AF13=AD$5,AE$6<=$D$104),-0.5,0)) -> 4 | AI13: 4 | AJ13: 7 | AK13: 3 | AM13: =SUM(IF(AI13=AI$5,4,0),IF(AI13&AJ13=AI$5&AJ$5,1,0), IF(AND(AI13=AI$5,AJ$6>=$D$115),1,0), IF(AND(AJ13=AI$5,AJ$6>=$D$115),1,0), IF(AND(AK13=AI$5,AJ$6>=$D$115),1,0), IF(AI13&AL13=AM$5,1,0), IF(AJ13=AI$5,2,0), IF(AK13=AI$5,1,0), IF(OR(AI13&AJ13&AK13=AI$5&AJ$5&AK$5,AI13&AJ13&AK13=AI$5&AK$5&AJ$5,AI13&AJ13&AK13=AJ$5&AI$5&AK$5,AI13&AJ13&AK13=AJ$5&AK$5&AI$5,AI13&AJ13&AK13=AK$5&AI$5&AJ$5,AI13&AJ13&AK13=AK$5&AJ$5&AI$5),2,0),IF(AND(AI13=AI$5,AJ$6>=$D$129),1,0),IF(AND(AJ13=AI$5,AJ$6>=$D$129),1,0),IF(AND(AK13=AI$5,AJ$6>=$D$129),1,0),IF(AI13&AL13=AL$5,4,0),IF(AND(AI13=AI$5,AJ$6<=$D$104),-0.5,0),IF(AND(AJ13=AI$5,AJ$6<=$D$104),-0.5,0),IF(AND(AK13=AI$5,AJ$6<=$D$104),-0.5,0)) -> 4 | AN13: 9 | AO13: 10 | AP13: 3 | AR13: =SUM(IF(AN13=AN$5,4,0),IF(AN13&AO13=AN$5&AO$5,1,0), IF(AND(AN13=AN$5,AO$6>=$D$115),1,0), IF(AND(AO13=AN$5,AO$6>=$D$115),1,0), IF(AND(AP13=AN$5,AO$6>=$D$115),1,0), IF(AN13&AQ13=AR$5,1,0), IF(AO13=AN$5,2,0), IF(AP13=AN$5,1,0), IF(OR(AN13&AO13&AP13=AN$5&AO$5&AP$5,AN13&AO13&AP13=AN$5&AP$5&AO$5,AN13&AO13&AP13=AO$5&AN$5&AP$5,AN13&AO13&AP13=AO$5&AP$5&AN$5,AN13&AO13&AP13=AP$5&AN$5&AO$5,AN13&AO13&AP13=AP$5&AO$5&AN$5),2,0),IF(AND(AN13=AN$5,AO$6>=$D$129),1,0),IF(AND(AO13=AN$5,AO$6>=$D$129),1,0),IF(AND(AP13=AN$5,AO$6>=$D$129),1,0),IF(AN13&AQ13=AQ$5,4,0),IF(AND(AN13=AN$5,AO$6<=$D$104),-0.5,0),IF(AND(AO13=AN$5,AO$6<=$D$104),-0.5,0),IF(AND(AP13=AN$5,AO$6<=$D$104),-0.5,0)) -> 0 | AS13: 7 | AT13: 6 | AU13: 1 | AW13: =SUM(IF(AS13=AS$5,4,0),IF(AS13&AT13=AS$5&AT$5,1,0), IF(AND(AS13=AS$5,AT$6>=$D$115),1,0), IF(AND(AT13=AS$5,AT$6>=$D$115),1,0), IF(AND(AU13=AS$5,AT$6>=$D$115),1,0), IF(AS13&AV13=AW$5,1,0), IF(AT13=AS$5,2,0), IF(AU13=AS$5,1,0), IF(OR(AS13&AT13&AU13=AS$5&AT$5&AU$5,AS13&AT13&AU13=AS$5&AU$5&AT$5,AS13&AT13&AU13=AT$5&AS$5&AU$5,AS13&AT13&AU13=AT$5&AU$5&AS$5,AS13&AT13&AU13=AU$5&AS$5&AT$5,AS13&AT13&AU13=AU$5&AT$5&AS$5),2,0),IF(AND(AS13=AS$5,AT$6>=$D$129),1,0),IF(AND(AT13=AS$5,AT$6>=$D$129),1,0),IF(AND(AU13=AS$5,AT$6>=$D$129),1,0),IF(AS13&AV13=AV$5,4,0),IF(AND(AS13=AS$5,AT$6<=$D$104),-0.5,0),IF(AND(AT13=AS$5,AT$6<=$D$104),-0.5,0),IF(AND(AU13=AS$5,AT$6<=$D$104),-0.5,0)) -> 0 | AX13: 1 | AY13: 9 | AZ13: 8 | BB13: =SUM(IF(AX13=AX$5,4,0),IF(AX13&AY13=AX$5&AY$5,1,0), IF(AND(AX13=AX$5,AY$6>=$D$115),1,0), IF(AND(AY13=AX$5,AY$6>=$D$115),1,0), IF(AND(AZ13=AX$5,AY$6>=$D$115),1,0), IF(AX13&BA13=BB$5,1,0), IF(AY13=AX$5,2,0), IF(AZ13=AX$5,1,0), IF(OR(AX13&AY13&AZ13=AX$5&AY$5&AZ$5,AX13&AY13&AZ13=AX$5&AZ$5&AY$5,AX13&AY13&AZ13=AY$5&AX$5&AZ$5,AX13&AY13&AZ13=AY$5&AZ$5&AX$5,AX13&AY13&AZ13=AZ$5&AX$5&AY$5,AX13&AY13&AZ13=AZ$5&AY$5&AX$5),2,0),IF(AND(AX13=AX$5,AY$6>=$D$129),1,0),IF(AND(AY13=AX$5,AY$6>=$D$129),1,0),IF(AND(AZ13=AX$5,AY$6>=$D$129),1,0),IF(AX13&BA13=BA$5,4,0),IF(AND(AX13=AX$5,AY$6<=$D$104),-0.5,0),IF(AND(AY13=AX$5,AY$6<=$D$104),-0.5,0),IF(AND(AZ13=AX$5,AY$6<=$D$104),-0.5,0)) -> 4 | BC13: 3 | BD13: 2 | BE13: 1 | BG13: =SUM(IF(BC13=BC$5,4,0),IF(BC13&BD13=BC$5&BD$5,1,0), IF(AND(BC13=BC$5,BD$6>=$D$115),1,0), IF(AND(BD13=BC$5,BD$6>=$D$115),1,0), IF(AND(BE13=BC$5,BD$6>=$D$115),1,0), IF(BC13&BF13=BG$5,1,0), IF(BD13=BC$5,2,0), IF(BE13=BC$5,1,0), IF(OR(BC13&BD13&BE13=BC$5&BD$5&BE$5,BC13&BD13&BE13=BC$5&BE$5&BD$5,BC13&BD13&BE13=BD$5&BC$5&BE$5,BC13&BD13&BE13=BD$5&BE$5&BC$5,BC13&BD13&BE13=BE$5&BC$5&BD$5,BC13&BD13&BE13=BE$5&BD$5&BC$5),2,0),IF(AND(BC13=BC$5,BD$6>=$D$129),1,0),IF(AND(BD13=BC$5,BD$6>=$D$129),1,0),IF(AND(BE13=BC$5,BD$6>=$D$129),1,0),IF(BC13&BF13=BF$5,4,0),IF(AND(BC13=BC$5,BD$6<=$D$104),-0.5,0),IF(AND(BD13=BC$5,BD$6<=$D$104),-0.5,0),IF(AND(BE13=BC$5,BD$6<=$D$104),-0.5,0)) -> 0 | BH13: 5 | BI13: 1 | BJ13: 2 | BL13: =SUM(IF(BH13=BH$5,4,0),IF(BH13&BI13=BH$5&BI$5,1,0), IF(AND(BH13=BH$5,BI$6>=$D$115),1,0), IF(AND(BI13=BH$5,BI$6>=$D$115),1,0), IF(AND(BJ13=BH$5,BI$6>=$D$115),1,0), IF(BH13&BK13=BL$5,1,0), IF(BI13=BH$5,2,0), IF(BJ13=BH$5,1,0), IF(OR(BH13&BI13&BJ13=BH$5&BI$5&BJ$5,BH13&BI13&BJ13=BH$5&BJ$5&BI$5,BH13&BI13&BJ13=BI$5&BH$5&BJ$5,BH13&BI13&BJ13=BI$5&BJ$5&BH$5,BH13&BI13&BJ13=BJ$5&BH$5&BI$5,BH13&BI13&BJ13=BJ$5&BI$5&BH$5),2,0),IF(AND(BH13=BH$5,BI$6>=$D$129),1,0),IF(AND(BI13=BH$5,BI$6>=$D$129),1,0),IF(AND(BJ13=BH$5,BI$6>=$D$129),1,0),IF(BH13&BK13=BK$5,4,0),IF(AND(BH13=BH$5,BI$6<=$D$104),-0.5,0),IF(AND(BI13=BH$5,BI$6<=$D$104),-0.5,0),IF(AND(BJ13=BH$5,BI$6<=$D$104),-0.5,0)) -> 2 | BM13: 9 | BN13: 5 | BO13: 2 | BP13: F | BQ13: =SUM(IF(BM13=BM$5,4,0),IF(BM13&BN13=BM$5&BN$5,1,0), IF(AND(BM13=BM$5,BN$6>=$D$115),1,0), IF(AND(BN13=BM$5,BN$6>=$D$115),1,0), IF(AND(BO13=BM$5,BN$6>=$D$115),1,0), IF(BM13&BP13=BQ$5,1,0), IF(BN13=BM$5,2,0), IF(BO13=BM$5,1,0), IF(OR(BM13&BN13&BO13=BM$5&BN$5&BO$5,BM13&BN13&BO13=BM$5&BO$5&BN$5,BM13&BN13&BO13=BN$5&BM$5&BO$5,BM13&BN13&BO13=BN$5&BO$5&BM$5,BM13&BN13&BO13=BO$5&BM$5&BN$5,BM13&BN13&BO13=BO$5&BN$5&BM$5),2,0),IF(AND(BM13=BM$5,BN$6>=$D$129),1,0),IF(AND(BN13=BM$5,BN$6>=$D$129),1,0),IF(AND(BO13=BM$5,BN$6>=$D$129),1,0),IF(BM13&BP13=BP$5,4,0),IF(AND(BM13=BM$5,BN$6<=$D$104),-0.5,0),IF(AND(BN13=BM$5,BN$6<=$D$104),-0.5,0),IF(AND(BO13=BM$5,BN$6<=$D$104),-0.5,0)) -> 0 | BV13: =SUM(IF(BR13=BR$5,4,0),IF(BR13&BS13=BR$5&BS$5,1,0), IF(AND(BR13=BR$5,BS$6>=$D$115),1,0), IF(AND(BS13=BR$5,BS$6>=$D$115),1,0), IF(AND(BT13=BR$5,BS$6>=$D$115),1,0), IF(BR13&BU13=BV$5,1,0), IF(BS13=BR$5,2,0), IF(BT13=BR$5,1,0), IF(OR(BR13&BS13&BT13=BR$5&BS$5&BT$5,BR13&BS13&BT13=BR$5&BT$5&BS$5,BR13&BS13&BT13=BS$5&BR$5&BT$5,BR13&BS13&BT13=BS$5&BT$5&BR$5,BR13&BS13&BT13=BT$5&BR$5&BS$5,BR13&BS13&BT13=BT$5&BS$5&BR$5),2,0),IF(AND(BR13=BR$5,BS$6>=$D$129),1,0),IF(AND(BS13=BR$5,BS$6>=$D$129),1,0),IF(AND(BT13=BR$5,BS$6>=$D$129),1,0),IF(BR13&BU13=BU$5,4,0),IF(AND(BR13=BR$5,BS$6<=$D$104),-0.5,0),IF(AND(BS13=BR$5,BS$6<=$D$104),-0.5,0),IF(AND(BT13=BR$5,BS$6<=$D$104),-0.5,0)) -> 0 | CA13: =SUM(IF(BW13=BW$5,4,0),IF(BW13&BX13=BW$5&BX$5,1,0), IF(AND(BW13=BW$5,BX$6>=$D$115),1,0), IF(AND(BX13=BW$5,BX$6>=$D$115),1,0), IF(AND(BY13=BW$5,BX$6>=$D$115),1,0), IF(BW13&BZ13=CA$5,1,0), IF(BX13=BW$5,2,0), IF(BY13=BW$5,1,0), IF(OR(BW13&BX13&BY13=BW$5&BX$5&BY$5,BW13&BX13&BY13=BW$5&BY$5&BX$5,BW13&BX13&BY13=BX$5&BW$5&BY$5,BW13&BX13&BY13=BX$5&BY$5&BW$5,BW13&BX13&BY13=BY$5&BW$5&BX$5,BW13&BX13&BY13=BY$5&BX$5&BW$5),2,0),IF(AND(BW13=BW$5,BX$6>=$D$129),1,0),IF(AND(BX13=BW$5,BX$6>=$D$129),1,0),IF(AND(BY13=BW$5,BX$6>=$D$129),1,0),IF(BW13&BZ13=BZ$5,4,0),IF(AND(BW13=BW$5,BX$6<=$D$104),-0.5,0),IF(AND(BX13=BW$5,BX$6<=$D$104),-0.5,0),IF(AND(BY13=BW$5,BX$6<=$D$104),-0.5,0)) -> 0 | CF13: =SUM(IF(CB13=CB$5,4,0),IF(CB13&CC13=CB$5&CC$5,1,0), IF(AND(CB13=CB$5,CC$6>=$D$115),1,0), IF(AND(CC13=CB$5,CC$6>=$D$115),1,0), IF(AND(CD13=CB$5,CC$6>=$D$115),1,0), IF(CB13&CE13=CF$5,1,0), IF(CC13=CB$5,2,0), IF(CD13=CB$5,1,0), IF(OR(CB13&CC13&CD13=CB$5&CC$5&CD$5,CB13&CC13&CD13=CB$5&CD$5&CC$5,CB13&CC13&CD13=CC$5&CB$5&CD$5,CB13&CC13&CD13=CC$5&CD$5&CB$5,CB13&CC13&CD13=CD$5&CB$5&CC$5,CB13&CC13&CD13=CD$5&CC$5&CB$5),2,0),IF(AND(CB13=CB$5,CC$6>=$D$129),1,0),IF(AND(CC13=CB$5,CC$6>=$D$129),1,0),IF(AND(CD13=CB$5,CC$6>=$D$129),1,0),IF(CB13&CE13=CE$5,4,0),IF(AND(CB13=CB$5,CC$6<=$D$104),-0.5,0),IF(AND(CC13=CB$5,CC$6<=$D$104),-0.5,0),IF(AND(CD13=CB$5,CC$6<=$D$104),-0.5,0)) -> 0 | CG13: =IF(BASE01[[#This Row],[1]]="",0,$B$4) -> 13 | CH13: =COUNTIF(BASE01[[#This Row],[1]],$E$5)+COUNTIF(BASE01[[#This Row],[12]],$J$5)+COUNTIF(BASE01[[#This Row],[Columna4]],$O$5)+COUNTIF(BASE01[[#This Row],[Columna7]],$T$5)+COUNTIF(BASE01[[#This Row],[Columna10]],$Y$5)+COUNTIF(BASE01[[#This Row],[1RA]],$AD$5)+COUNTIF(BASE01[[#This Row],[Columna16]],$AI$5)+COUNTIF(BASE01[[#This Row],[123]],$AN$5)+COUNTIF(BASE01[[#This Row],[AAAA]],$AS$5)+COUNTIF(BASE01[[#This Row],[Columna25]],$AX$5)+COUNTIF(BASE01[[#This Row],[Columna272]],$BC$5)+COUNTIF(BASE01[[#This Row],[Columna276]],$BH$5)+COUNTIF(BASE01[[#This Row],[Columna280]],$BM$5)+COUNTIF(BASE01[[#This Row],[Columna2802]],$BR$5)+COUNTIF(BASE01[[#This Row],[Columna2803]],$BW$5)+COUNTIF(BASE01[[#This Row],[Columna2804]],$CB$5) -> 5 | CI13: =IF(BASE01[[#This Row],[Columna14]]=0,0,(CH13/CG13)) -> 0.38461538 | CJ13: =IF(BASE01[[#This Row],[1]]="",0,$B$4) -> 13 | CK13: =COUNTIF(BASE01[[#This Row],[1]]:BASE01[[#This Row],[2]],$E$5)+COUNTIF(BASE01[[#This Row],[12]]:BASE01[[#This Row],[Columna2]],$J$5)+COUNTIF(BASE01[[#This Row],[Columna4]]:BASE01[[#This Row],[Columna5]],$O$5)+COUNTIF(BASE01[[#This Row],[Columna7]]:BASE01[[#This Row],[Columna8]],$T$5)+COUNTIF(BASE01[[#This Row],[Columna10]]:BASE01[[#This Row],[Columna11]],$Y$5)+COUNTIF(BASE01[[#This Row],[1RA]]:BASE01[[#This Row],[2DA]],$AD$5)+COUNTIF(BASE01[[#This Row],[Columna16]:[Columna17]],$AI$5)+COUNTIF(BASE01[[#This Row],[123]:[555]],$AN$5)+COUNTIF(BASE01[[#This Row],[AAAA]]:BASE01[[#This Row],[BBBB]],$AS$5)+COUNTIF(BASE01[[#This Row],[Columna25]]:BASE01[[#This Row],[Columna26]],$AX$5)+COUNTIF(BASE01[[#This Row],[Columna272]]:BASE01[[#This Row],[Columna273]],$BC$5)+COUNTIF(BASE01[[#This Row],[Columna276]]:BASE01[[#This Row],[Columna277]],$BH$5)+COUNTIF(BASE01[[#This Row],[Columna280]]:BASE01[[#This Row],[Columna281]],$BM$5)+COUNTIF(BASE01[[#This Row],[Columna2802]]:BASE01[[#This Row],[Columna2813]],$BR$5)+COUNTIF(BASE01[[#This Row],[Columna2803]:[Columna2814]],$BW$5)+COUNTIF(BASE01[[#This Row],[Columna2804]:[Columna2815]],$CB$5) -> 6 | CL13: =IF(BASE01[[#This Row],[Columna14]]=0,0,(CK13/CJ13)) -> 0.46153846 | CM13: =IF(BASE01[[#This Row],[1]]="",0,$B$4) -> 13 | CN13: =COUNTIF(BASE01[[#This Row],[1]:[22]],$E$5)+COUNTIF(BASE01[[#This Row],[12]:[Columna23]],$J$5)+COUNTIF(BASE01[[#This Row],[Columna4]:[Columna53]],$O$5)+COUNTIF(BASE01[[#This Row],[Columna7]:[Columna83]],$T$5)+COUNTIF(BASE01[[#This Row],[Columna10]:[Columna113]],$Y$5)+COUNTIF(BASE01[[#This Row],[1RA]:[2DA2]],$AD$5)+COUNTIF(BASE01[[#This Row],[Columna16]:[Columna173]],$AI$5)+COUNTIF(BASE01[[#This Row],[123]:[556]],$AN$5)+COUNTIF(BASE01[[#This Row],[AAAA]:[Columna13]],$AS$5)+COUNTIF(BASE01[[#This Row],[Columna25]:[Columna263]],$AX$5)+COUNTIF(BASE01[[#This Row],[Columna272]:[Columna2732]],$BC$5)+COUNTIF(BASE01[[#This Row],[Columna276]:[Columna2772]],$BH$5)+COUNTIF(BASE01[[#This Row],[Columna280]:[Columna2812]],$BM$5)+COUNTIF(BASE01[[#This Row],[Columna2802]:[Columna28124]],$BR$5)+COUNTIF(BASE01[[#This Row],[Columna2803]:[Columna28125]],$BW$5)+COUNTIF(BASE01[[#This Row],[Columna2804]:[Columna28126]],$CB$5) -> 7 | CO13: =IF(BASE01[[#This Row],[Columna14]]=0,0,(CN13/CM13)) -> 0.53846154 | CP13: =SUM( (AND(OR(BASE01[[#This Row],[3]]="F", BASE01[[#This Row],[3]]="SF"), F$6<>"")), (AND(OR(BASE01[[#This Row],[Columna28]]="F", BASE01[[#This Row],[Columna28]]="SF"), K$6<>"")), (AND(OR(BASE01[[#This Row],[Columna52]]="F", BASE01[[#This Row],[Columna52]]="SF"), P$6<>"")), (AND(OR(BASE01[[#This Row],[Columna82]]="F", BASE01[[#This Row],[Columna82]]="SF"), U$6<>"")), (AND(OR(BASE01[[#This Row],[Columna112]]="F", BASE01[[#This Row],[Columna112]]="SF"), Z$6<>"")), (AND(OR(BASE01[[#This Row],[3RA]]="F", BASE01[[#This Row],[3RA]]="SF"), AE$6<>"")), (AND(OR(BASE01[[#This Row],[Columna172]]="F",BASE01[[#This Row],[Columna172]]="SF"), AJ$6<>"")), (AND(OR(BASE01[[#This Row],[111]]="F", BASE01[[#This Row],[111]]="SF"), AO$6<>"")), (AND(OR(BASE01[[#This Row],[CCCC]]="F", BASE01[[#This Row],[CCCC]]="SF"), AT$6<>"")), (AND(OR(BASE01[[#This Row],[Columna262]]="F",BASE01[[#This Row],[Columna262]]="SF"), AY$6<>"")), (AND(OR(BASE01[[#This Row],[Columna274]]="F", BASE01[[#This Row],[Columna274]]="SF"), BD$6<>"")), (AND(OR(BASE01[[#This Row],[Columna278]]="F", BASE01[[#This Row],[Columna278]]="SF"), BI$6<>"")), (AND(OR(BASE01[[#This Row],[Columna282]]="F", BASE01[[#This Row],[Columna282]]="SF"), BN$6<>"")), (AND(OR(BASE01[[#This Row],[Columna2825]]="F", BASE01[[#This Row],[Columna2825]]="SF"), BS$6<>"")), (AND(OR(BASE01[[#This Row],[Columna2826]]="F", BASE01[[#This Row],[Columna2826]]="SF"), BX$6<>"")), (AND(OR(BASE01[[#This Row],[Columna2827]]="F", BASE01[[#This Row],[Columna2827]]="SF"), CC$6<>"")) ) -> 2 | CQ13: =COUNTIFS(BASE01[[#This Row],[1]],$E$5,BASE01[[#This Row],[3]],"F")+COUNTIFS(BASE01[[#This Row],[12]],$J$5,BASE01[[#This Row],[Columna28]],"F")+COUNTIFS(BASE01[[#This Row],[Columna4]],$O$5,BASE01[[#This Row],[Columna52]],"F")+COUNTIFS(BASE01[[#This Row],[Columna7]],$T$5,BASE01[[#This Row],[Columna82]],"F")+COUNTIFS(BASE01[[#This Row],[Columna10]],$Y$5,BASE01[[#This Row],[Columna112]],"F")+COUNTIFS(BASE01[[#This Row],[1RA]],$AD$5,BASE01[[#This Row],[3RA]],"F")+COUNTIFS(BASE01[[#This Row],[Columna16]],$AI$5,BASE01[[#This Row],[Columna172]],"F")+COUNTIFS(BASE01[[#This Row],[123]],$AN$5,BASE01[[#This Row],[111]],"F")+COUNTIFS(BASE01[[#This Row],[AAAA]],$AS$5,BASE01[[#This Row],[CCCC]],"F")+COUNTIFS(BASE01[[#This Row],[Columna25]],$AX$5,BASE01[[#This Row],[Columna262]],"F")+COUNTIFS(BASE01[[#This Row],[Columna272]],$BC$5,BASE01[[#This Row],[Columna274]],"F")+COUNTIFS(BASE01[[#This Row],[Columna276]],$BH$5,BASE01[[#This Row],[Columna278]],"F")+COUNTIFS(BASE01[[#This Row],[Columna280]],$BM$5,BASE01[[#This Row],[Columna282]],"F")+COUNTIFS(BASE01[[#This Row],[1]],$E$5,BASE01[[#This Row],[3]],"SF")+COUNTIFS(BASE01[[#This Row],[12]],$J$5,BASE01[[#This Row],[Columna28]],"SF")+COUNTIFS(BASE01[[#This Row],[Columna4]],$O$5,BASE01[[#This Row],[Columna52]],"SF")+COUNTIFS(BASE01[[#This Row],[Columna7]],$T$5,BASE01[[#This Row],[Columna82]],"SF")+COUNTIFS(BASE01[[#This Row],[Columna10]],$Y$5,BASE01[[#This Row],[Columna112]],"SF")+COUNTIFS(BASE01[[#This Row],[1RA]],$AD$5,BASE01[[#This Row],[3RA]],"SF")+COUNTIFS(BASE01[[#This Row],[Columna16]],$AI$5,BASE01[[#This Row],[Columna172]],"SF")+COUNTIFS(BASE01[[#This Row],[123]],$AN$5,BASE01[[#This Row],[111]],"SF")+COUNTIFS(BASE01[[#This Row],[AAAA]],$AS$5,BASE01[[#This Row],[CCCC]],"SF")+COUNTIFS(BASE01[[#This Row],[Columna25]],$AX$5,BA13,"SF")+COUNTIFS(BASE01[[#This Row],[Columna272]],$BC$5,BASE01[[#This Row],[Columna274]],"SF")+COUNTIFS(BASE01[[#This Row],[Columna276]],$BH$5,BASE01[[#This Row],[Columna278]],"SF")+COUNTIFS(BASE01[[#This Row],[Columna280]],$BM$5,BASE01[[#This Row],[Columna282]],"SF") -> 1 | CR13: =IF(BASE01[[#This Row],[Columna14]]=0,0,(CQ13/CP13)) -> 0.5 | CS13: =SUM(BASE01[[#This Row],[PTS]],BASE01[[#This Row],[Columna3]],BASE01[[#This Row],[Columna6]],BASE01[[#This Row],[Columna9]],BASE01[[#This Row],[Columna12]],BASE01[[#This Row],[Columna15]],BASE01[[#This Row],[Columna18]],BASE01[[#This Row],[Columna21]],BASE01[[#This Row],[Columna24]],BASE01[[#This Row],[Columna27]],BASE01[[#This Row],[Columna275]],BASE01[[#This Row],[Columna279]],BASE01[[#This Row],[Columna283]],BASE01[[#This Row],[Columna28310]],BASE01[[#This Row],[Columna2837]],BASE01[[#This Row],[Columna2838]]) -> 27 | CU13: =SUM(CS13,CT13) -> 27 | CV13: =IF(BASE01[[#This Row],[TIPO]]="PREMIO",$O$3,"0,00") -> 1000 | CY13: 6 | CZ13: =AE$6 -> 232.48 | DB13: =BASE01[[#This Row],[COD]] -> COD 06 | DC13: {=IFERROR(IF(AND(INDEX($E$8:$CE$57, MATCH($C13, $C$8:$C$57, 0), (COLUMNS($DC13:DC13)-1)*5 + 1) = INDEX($E$5:$CE$5, 1, (COLUMNS($DC13:DC13)-1)*5 + 1), INDEX($E$8:$CE$57, MATCH($C13, $C$8:$C$57, 0), (COLUMNS($DC13:DC13)-1)*5 + 4) = "F"), INDEX($CZ$8:$CZ$23, COLUMNS($DC13:DC13)), "0"), "")} -> 0 | DD13: {=IFERROR(IF(AND(INDEX($E$8:$CE$57, MATCH($C13, $C$8:$C$57, 0), (COLUMNS($DC13:DD13)-1)*5 + 1) = INDEX($E$5:$CE$5, 1, (COLUMNS($DC13:DD13)-1)*5 + 1), INDEX($E$8:$CE$57, MATCH($C13, $C$8:$C$57, 0), (COLUMNS($DC13:DD13)-1)*5 + 4) = "F"), INDEX($CZ$8:$CZ$23, COLUMNS($DC13:DD13)), "0"), "")} -> 0 | DE13: {=IFERROR(IF(AND(INDEX($E$8:$CE$57, MATCH($C13, $C$8:$C$57, 0), (COLUMNS($DC13:DE13)-1)*5 + 1) = INDEX($E$5:$CE$5, 1, (COLUMNS($DC13:DE13)-1)*5 + 1), INDEX($E$8:$CE$57, MATCH($C13, $C$8:$C$57, 0), (COLUMNS($DC13:DE13)-1)*5 + 4) = "F"), INDEX($CZ$8:$CZ$23, COLUMNS($DC13:DE13)), "0"), "")} -> 0 | DF13: {=IFERROR(IF(AND(INDEX($E$8:$CE$57, MATCH($C13, $C$8:$C$57, 0), (COLUMNS($DC13:DF13)-1)*5 + 1) = INDEX($E$5:$CE$5, 1, (COLUMNS($DC13:DF13)-1)*5 + 1), INDEX($E$8:$CE$57, MATCH($C13, $C$8:$C$57, 0), (COLUMNS($DC13:DF13)-1)*5 + 4) = "F"), INDEX($CZ$8:$CZ$23, COLUMNS($DC13:DF13)), "0"), "")} -> 0 | DG13: {=IFERROR(IF(AND(INDEX($E$8:$CE$57, MATCH($C13, $C$8:$C$57, 0), (COLUMNS($DC13:DG13)-1)*5 + 1) = INDEX($E$5:$CE$5, 1, (COLUMNS($DC13:DG13)-1)*5 + 1), INDEX($E$8:$CE$57, MATCH($C13, $C$8:$C$57, 0), (COLUMNS($DC13:DG13)-1)*5 + 4) = "F"), INDEX($CZ$8:$CZ$23, COLUMNS($DC13:DG13)), "0"), "")} -> 110 | DH13: {=IFERROR(IF(AND(INDEX($E$8:$CE$57, MATCH($C13, $C$8:$C$57, 0), (COLUMNS($DC13:DH13)-1)*5 + 1) = INDEX($E$5:$CE$5, 1, (COLUMNS($DC13:DH13)-1)*5 + 1), INDEX($E$8:$CE$57, MATCH($C13, $C$8:$C$57, 0), (COLUMNS($DC13:DH13)-1)*5 + 4) = "F"), INDEX($CZ$8:$CZ$23, COLUMNS($DC13:DH13)), "0"), "")} -> 0 | DI13: {=IFERROR(IF(AND(INDEX($E$8:$CE$57, MATCH($C13, $C$8:$C$57, 0), (COLUMNS($DC13:DI13)-1)*5 + 1) = INDEX($E$5:$CE$5, 1, (COLUMNS($DC13:DI13)-1)*5 + 1), INDEX($E$8:$CE$57, MATCH($C13, $C$8:$C$57, 0), (COLUMNS($DC13:DI13)-1)*5 + 4) = "F"), INDEX($CZ$8:$CZ$23, COLUMNS($DC13:DI13)), "0"), "")} -> 0 | DJ13: {=IFERROR(IF(AND(INDEX($E$8:$CE$57, MATCH($C13, $C$8:$C$57, 0), (COLUMNS($DC13:DJ13)-1)*5 + 1) = INDEX($E$5:$CE$5, 1, (COLUMNS($DC13:DJ13)-1)*5 + 1), INDEX($E$8:$CE$57, MATCH($C13, $C$8:$C$57, 0), (COLUMNS($DC13:DJ13)-1)*5 + 4) = "F"), INDEX($CZ$8:$CZ$23, COLUMNS($DC13:DJ13)), "0"), "")} -> 0 | ... DR13: {=IFERROR(IF(AND(INDEX($E$8:$CE$57, MATCH($C13, $C$8:$C$57, 0), (COLUMNS($DC13:DR13)-1)*5 + 1) = INDEX($E$5:$CE$5, 1, (COLUMNS($DC13:DR13)-1)*5 + 1), INDEX($E$8:$CE$57, MATCH($C13, $C$8:$C$57, 0), (COLUMNS($DC13:DR13)-1)*5 + 4) = "F"), INDEX($CZ$8:$CZ$23, COLUMNS($DC13:DR13)), "0"), "")} -> 0 | DT13: =BASE01[[#This Row],[COD]] -> COD 06 | DU13: {=IFERROR(IF(AND(INDEX($E$8:$CE$57, MATCH($C13, $C$8:$C$57, 0), (COLUMNS($DU13:DU13)-1)*5 + 1) = INDEX($E$5:$CE$5, 1, (COLUMNS($DU13:DU13)-1)*5 + 1), INDEX($E$8:$CE$57, MATCH($C13, $C$8:$C$57, 0), (COLUMNS($DU13:DU13)-1)*5 + 4) = "SF"), INDEX($CZ$8:$CZ$23, COLUMNS($DU13:DU13)), "0"), "")} -> 0 | DV13: {=IFERROR(IF(AND(INDEX($E$8:$CE$57, MATCH($C13, $C$8:$C$57, 0), (COLUMNS($DU13:DV13)-1)*5 + 1) = INDEX($E$5:$CE$5, 1, (COLUMNS($DU13:DV13)-1)*5 + 1), INDEX($E$8:$CE$57, MATCH($C13, $C$8:$C$57, 0), (COLUMNS($DU13:DV13)-1)*5 + 4) = "SF"), INDEX($CZ$8:$CZ$23, COLUMNS($DU13:DV13)), "0"), "")} -> 0 | DW13: {=IFERROR(IF(AND(INDEX($E$8:$CE$57, MATCH($C13, $C$8:$C$57, 0), (COLUMNS($DU13:DW13)-1)*5 + 1) = INDEX($E$5:$CE$5, 1, (COLUMNS($DU13:DW13)-1)*5 + 1), INDEX($E$8:$CE$57, MATCH($C13, $C$8:$C$57, 0), (COLUMNS($DU13:DW13)-1)*5 + 4) = "SF"), INDEX($CZ$8:$CZ$23, COLUMNS($DU13:DW13)), "0"), "")} -> 0 | DX13: {=IFERROR(IF(AND(INDEX($E$8:$CE$57, MATCH($C13, $C$8:$C$57, 0), (COLUMNS($DU13:DX13)-1)*5 + 1) = INDEX($E$5:$CE$5, 1, (COLUMNS($DU13:DX13)-1)*5 + 1), INDEX($E$8:$CE$57, MATCH($C13, $C$8:$C$57, 0), (COLUMNS($DU13:DX13)-1)*5 + 4) = "SF"), INDEX($CZ$8:$CZ$23, COLUMNS($DU13:DX13)), "0"), "")} -> 0 | DY13: {=IFERROR(IF(AND(INDEX($E$8:$CE$57, MATCH($C13, $C$8:$C$57, 0), (COLUMNS($DU13:DY13)-1)*5 + 1) = INDEX($E$5:$CE$5, 1, (COLUMNS($DU13:DY13)-1)*5 + 1), INDEX($E$8:$CE$57, MATCH($C13, $C$8:$C$57, 0), (COLUMNS($DU13:DY13)-1)*5 + 4) = "SF"), INDEX($CZ$8:$CZ$23, COLUMNS($DU13:DY13)), "0"), "")} -> 0 | DZ13: {=IFERROR(IF(AND(INDEX($E$8:$CE$57, MATCH($C13, $C$8:$C$57, 0), (COLUMNS($DU13:DZ13)-1)*5 + 1) = INDEX($E$5:$CE$5, 1, (COLUMNS($DU13:DZ13)-1)*5 + 1), INDEX($E$8:$CE$57, MATCH($C13, $C$8:$C$57, 0), (COLUMNS($DU13:DZ13)-1)*5 + 4) = "SF"), INDEX($CZ$8:$CZ$23, COLUMNS($DU13:DZ13)), "0"), "")} -> 0 | EA13: {=IFERROR(IF(AND(INDEX($E$8:$CE$57, MATCH($C13, $C$8:$C$57, 0), (COLUMNS($DU13:EA13)-1)*5 + 1) = INDEX($E$5:$CE$5, 1, (COLUMNS($DU13:EA13)-1)*5 + 1), INDEX($E$8:$CE$57, MATCH($C13, $C$8:$C$57, 0), (COLUMNS($DU13:EA13)-1)*5 + 4) = "SF"), INDEX($CZ$8:$CZ$23, COLUMNS($DU13:EA13)), "0"), "")} -> 0 | EB13: {=IFERROR(IF(AND(INDEX($E$8:$CE$57, MATCH($C13, $C$8:$C$57, 0), (COLUMNS($DU13:EB13)-1)*5 + 1) = INDEX($E$5:$CE$5, 1, (COLUMNS($DU13:EB13)-1)*5 + 1), INDEX($E$8:$CE$57, MATCH($C13, $C$8:$C$57, 0), (COLUMNS($DU13:EB13)-1)*5 + 4) = "SF"), INDEX($CZ$8:$CZ$23, COLUMNS($DU13:EB13)), "0"), "")} -> 0 | ... EJ13: {=IFERROR(IF(AND(INDEX($E$8:$CE$57, MATCH($C13, $C$8:$C$57, 0), (COLUMNS($DU13:EJ13)-1)*5 + 1) = INDEX($E$5:$CE$5, 1, (COLUMNS($DU13:EJ13)-1)*5 + 1), INDEX($E$8:$CE$57, MATCH($C13, $C$8:$C$57, 0), (COLUMNS($DU13:EJ13)-1)*5 + 4) = "SF"), INDEX($CZ$8:$CZ$23, COLUMNS($DU13:EJ13)), "0"), "")} -> 0
B14: =IF(BASE01[[#This Row],[COD]]<>"",B13+1,"") -> 7 | C14: COD 07 | D14: {=IF(BASE01[[#This Row],[COD]]="","",_xlfn.IFS(_xlfn.XLOOKUP(BASE01[[#This Row],[COD]],CODIGOS_Y_PAGOS[CODIGO],CODIGOS_Y_PAGOS[06/09/2026],"")="X","PREMIO",_xlfn.XLOOKUP(BASE01[[#This Row],[COD]],CODIGOS_Y_PAGOS[CODIGO],CODIGOS_Y_PAGOS[06/09/2026],"")="","NO ENVIÓ",_xlfn.XLOOKUP(BASE01[[#This Row],[COD]],CODIGOS_Y_PAGOS[CODIGO],CODIGOS_Y_PAGOS[06/09/2026],"")=0,"MEETING",_xlfn.XLOOKUP(BASE01[[#This Row],[COD]],CODIGOS_Y_PAGOS[CODIGO],CODIGOS_Y_PAGOS[06/09/2026],"")="O","PREMIO",_xlfn.XLOOKUP(BASE01[[#This Row],[COD]],CODIGOS_Y_PAGOS[CODIGO],CODIGOS_Y_PAGOS[06/09/2026],"")="-","PAGO PENDIENTE"))} -> PREMIO | E14: 6 | F14: 1 | G14: 8 | I14: =SUM(IF(E14=E$5,4,0),IF(E14&F14=E$5&F$5,1,0), IF(AND(E14=E$5,F$6>=$D$115),1,0), IF(AND(F14=E$5,F$6>=$D$115),1,0), IF(AND(G14=E$5,F$6>=$D$115),1,0), IF(E14&H14=I$5,1,0), IF(F14=E$5,2,0), IF(G14=E$5,1,0), IF(OR(E14&F14&G14=E$5&F$5&G$5,E14&F14&G14=E$5&G$5&F$5,E14&F14&G14=F$5&E$5&G$5,E14&F14&G14=F$5&G$5&E$5,E14&F14&G14=G$5&E$5&F$5,E14&F14&G14=G$5&F$5&E$5),2,0),IF(AND(E14=E$5,F$6>=$D$129),1,0),IF(AND(F14=E$5,F$6>=$D$129),1,0),IF(AND(G14=E$5,F$6>=$D$129),1,0),IF(E14&H14=H$5,4,0),IF(AND(E14=E$5,F$6<=$D$104),-0.5,0),IF(AND(F14=E$5,F$6<=$D$104),-0.5,0),IF(AND(G14=E$5,F$6<=$D$104),-0.5,0)) -> 1 | J14: 8 | K14: 7 | L14: 3 | N14: =SUM(IF(J14=J$5,4,0),IF(J14&K14=J$5&K$5,1,0), IF(AND(J14=J$5,K$6>=$D$115),1,0), IF(AND(K14=J$5,K$6>=$D$115),1,0), IF(AND(L14=J$5,K$6>=$D$115),1,0), IF(J14&M14=N$5,1,0), IF(K14=J$5,2,0), IF(L14=J$5,1,0), IF(OR(J14&K14&L14=J$5&K$5&L$5,J14&K14&L14=J$5&L$5&K$5,J14&K14&L14=K$5&J$5&L$5,J14&K14&L14=K$5&L$5&J$5,J14&K14&L14=L$5&J$5&K$5,J14&K14&L14=L$5&K$5&J$5),2,0),IF(AND(J14=J$5,K$6>=$D$129),1,0),IF(AND(K14=J$5,K$6>=$D$129),1,0),IF(AND(L14=J$5,K$6>=$D$129),1,0),IF(J14&M14=M$5,4,0),IF(AND(J14=J$5,K$6<=$D$104),-0.5,0),IF(AND(K14=J$5,K$6<=$D$104),-0.5,0),IF(AND(L14=J$5,K$6<=$D$104),-0.5,0)) -> 1 | O14: 2 | P14: 3 | Q14: 1 | S14: =SUM(IF(O14=O$5,4,0),IF(O14&P14=O$5&P$5,1,0), IF(AND(O14=O$5,P$6>=$D$115),1,0), IF(AND(P14=O$5,P$6>=$D$115),1,0), IF(AND(Q14=O$5,P$6>=$D$115),1,0), IF(O14&R14=S$5,1,0), IF(P14=O$5,2,0), IF(Q14=O$5,1,0), IF(OR(O14&P14&Q14=O$5&P$5&Q$5,O14&P14&Q14=O$5&Q$5&P$5,O14&P14&Q14=P$5&O$5&Q$5,O14&P14&Q14=P$5&Q$5&O$5,O14&P14&Q14=Q$5&O$5&P$5,O14&P14&Q14=Q$5&P$5&O$5),2,0),IF(AND(O14=O$5,P$6>=$D$129),1,0),IF(AND(P14=O$5,P$6>=$D$129),1,0),IF(AND(Q14=O$5,P$6>=$D$129),1,0),IF(O14&R14=R$5,4,0),IF(AND(O14=O$5,P$6<=$D$104),-0.5,0),IF(AND(P14=O$5,P$6<=$D$104),-0.5,0),IF(AND(Q14=O$5,P$6<=$D$104),-0.5,0)) -> 0 | T14: 6 | U14: 8 | V14: 2 | W14: F | X14: =SUM(IF(T14=T$5,4,0),IF(T14&U14=T$5&U$5,1,0), IF(AND(T14=T$5,U$6>=$D$115),1,0), IF(AND(U14=T$5,U$6>=$D$115),1,0), IF(AND(V14=T$5,U$6>=$D$115),1,0), IF(T14&W14=X$5,1,0), IF(U14=T$5,2,0), IF(V14=T$5,1,0), IF(OR(T14&U14&V14=T$5&U$5&V$5,T14&U14&V14=T$5&V$5&U$5,T14&U14&V14=U$5&T$5&V$5,T14&U14&V14=U$5&V$5&T$5,T14&U14&V14=V$5&T$5&U$5,T14&U14&V14=V$5&U$5&T$5),2,0),IF(AND(T14=T$5,U$6>=$D$129),1,0),IF(AND(U14=T$5,U$6>=$D$129),1,0),IF(AND(V14=T$5,U$6>=$D$129),1,0),IF(T14&W14=W$5,4,0),IF(AND(T14=T$5,U$6<=$D$104),-0.5,0),IF(AND(U14=T$5,U$6<=$D$104),-0.5,0),IF(AND(V14=T$5,U$6<=$D$104),-0.5,0)) -> 4.5 | Y14: 5 | AB14: SF | AC14: =SUM(IF(Y14=Y$5,4,0),IF(Y14&Z14=Y$5&Z$5,1,0), IF(AND(Y14=Y$5,Z$6>=$D$115),1,0), IF(AND(Z14=Y$5,Z$6>=$D$115),1,0), IF(AND(AA14=Y$5,Z$6>=$D$115),1,0), IF(Y14&AB14=AC$5,1,0), IF(Z14=Y$5,2,0), IF(AA14=Y$5,1,0), IF(OR(Y14&Z14&AA14=Y$5&Z$5&AA$5,Y14&Z14&AA14=Y$5&AA$5&Z$5,Y14&Z14&AA14=Z$5&Y$5&AA$5,Y14&Z14&AA14=Z$5&AA$5&Y$5,Y14&Z14&AA14=AA$5&Y$5&Z$5,Y14&Z14&AA14=AA$5&Z$5&Y$5),2,0),IF(AND(Y14=Y$5,Z$6>=$D$129),1,0),IF(AND(Z14=Y$5,Z$6>=$D$129),1,0),IF(AND(AA14=Y$5,Z$6>=$D$129),1,0),IF(Y14&AB14=AB$5,4,0),IF(AND(Y14=Y$5,Z$6<=$D$104),-0.5,0),IF(AND(Z14=Y$5,Z$6<=$D$104),-0.5,0),IF(AND(AA14=Y$5,Z$6<=$D$104),-0.5,0)) -> 7.5 | AD14: 5 | AE14: 2 | AF14: 7 | AH14: =SUM(IF(AD14=AD$5,4,0),IF(AD14&AE14=AD$5&AE$5,1,0), IF(AND(AD14=AD$5,AE$6>=$D$115),1,0), IF(AND(AE14=AD$5,AE$6>=$D$115),1,0), IF(AND(AF14=AD$5,AE$6>=$D$115),1,0), IF(AD14&AG14=AH$5,1,0), IF(AE14=AD$5,2,0), IF(AF14=AD$5,1,0), IF(OR(AD14&AE14&AF14=AD$5&AE$5&AF$5,AD14&AE14&AF14=AD$5&AF$5&AE$5,AD14&AE14&AF14=AE$5&AD$5&AF$5,AD14&AE14&AF14=AE$5&AF$5&AD$5,AD14&AE14&AF14=AF$5&AD$5&AE$5,AD14&AE14&AF14=AF$5&AE$5&AD$5),2,0),IF(AND(AD14=AD$5,AE$6>=$D$129),1,0),IF(AND(AE14=AD$5,AE$6>=$D$129),1,0),IF(AND(AF14=AD$5,AE$6>=$D$129),1,0),IF(AD14&AG14=AG$5,4,0),IF(AND(AD14=AD$5,AE$6<=$D$104),-0.5,0),IF(AND(AE14=AD$5,AE$6<=$D$104),-0.5,0),IF(AND(AF14=AD$5,AE$6<=$D$104),-0.5,0)) -> 4 | AI14: 3 | AJ14: 6 | AK14: 1 | AM14: =SUM(IF(AI14=AI$5,4,0),IF(AI14&AJ14=AI$5&AJ$5,1,0), IF(AND(AI14=AI$5,AJ$6>=$D$115),1,0), IF(AND(AJ14=AI$5,AJ$6>=$D$115),1,0), IF(AND(AK14=AI$5,AJ$6>=$D$115),1,0), IF(AI14&AL14=AM$5,1,0), IF(AJ14=AI$5,2,0), IF(AK14=AI$5,1,0), IF(OR(AI14&AJ14&AK14=AI$5&AJ$5&AK$5,AI14&AJ14&AK14=AI$5&AK$5&AJ$5,AI14&AJ14&AK14=AJ$5&AI$5&AK$5,AI14&AJ14&AK14=AJ$5&AK$5&AI$5,AI14&AJ14&AK14=AK$5&AI$5&AJ$5,AI14&AJ14&AK14=AK$5&AJ$5&AI$5),2,0),IF(AND(AI14=AI$5,AJ$6>=$D$129),1,0),IF(AND(AJ14=AI$5,AJ$6>=$D$129),1,0),IF(AND(AK14=AI$5,AJ$6>=$D$129),1,0),IF(AI14&AL14=AL$5,4,0),IF(AND(AI14=AI$5,AJ$6<=$D$104),-0.5,0),IF(AND(AJ14=AI$5,AJ$6<=$D$104),-0.5,0),IF(AND(AK14=AI$5,AJ$6<=$D$104),-0.5,0)) -> 0 | AN14: 8 | AO14: 9 | AP14: 7 | AR14: =SUM(IF(AN14=AN$5,4,0),IF(AN14&AO14=AN$5&AO$5,1,0), IF(AND(AN14=AN$5,AO$6>=$D$115),1,0), IF(AND(AO14=AN$5,AO$6>=$D$115),1,0), IF(AND(AP14=AN$5,AO$6>=$D$115),1,0), IF(AN14&AQ14=AR$5,1,0), IF(AO14=AN$5,2,0), IF(AP14=AN$5,1,0), IF(OR(AN14&AO14&AP14=AN$5&AO$5&AP$5,AN14&AO14&AP14=AN$5&AP$5&AO$5,AN14&AO14&AP14=AO$5&AN$5&AP$5,AN14&AO14&AP14=AO$5&AP$5&AN$5,AN14&AO14&AP14=AP$5&AN$5&AO$5,AN14&AO14&AP14=AP$5&AO$5&AN$5),2,0),IF(AND(AN14=AN$5,AO$6>=$D$129),1,0),IF(AND(AO14=AN$5,AO$6>=$D$129),1,0),IF(AND(AP14=AN$5,AO$6>=$D$129),1,0),IF(AN14&AQ14=AQ$5,4,0),IF(AND(AN14=AN$5,AO$6<=$D$104),-0.5,0),IF(AND(AO14=AN$5,AO$6<=$D$104),-0.5,0),IF(AND(AP14=AN$5,AO$6<=$D$104),-0.5,0)) -> 0 | AS14: 1 | AT14: 7 | AU14: 3 | AW14: =SUM(IF(AS14=AS$5,4,0),IF(AS14&AT14=AS$5&AT$5,1,0), IF(AND(AS14=AS$5,AT$6>=$D$115),1,0), IF(AND(AT14=AS$5,AT$6>=$D$115),1,0), IF(AND(AU14=AS$5,AT$6>=$D$115),1,0), IF(AS14&AV14=AW$5,1,0), IF(AT14=AS$5,2,0), IF(AU14=AS$5,1,0), IF(OR(AS14&AT14&AU14=AS$5&AT$5&AU$5,AS14&AT14&AU14=AS$5&AU$5&AT$5,AS14&AT14&AU14=AT$5&AS$5&AU$5,AS14&AT14&AU14=AT$5&AU$5&AS$5,AS14&AT14&AU14=AU$5&AS$5&AT$5,AS14&AT14&AU14=AU$5&AT$5&AS$5),2,0),IF(AND(AS14=AS$5,AT$6>=$D$129),1,0),IF(AND(AT14=AS$5,AT$6>=$D$129),1,0),IF(AND(AU14=AS$5,AT$6>=$D$129),1,0),IF(AS14&AV14=AV$5,4,0),IF(AND(AS14=AS$5,AT$6<=$D$104),-0.5,0),IF(AND(AT14=AS$5,AT$6<=$D$104),-0.5,0),IF(AND(AU14=AS$5,AT$6<=$D$104),-0.5,0)) -> 0 | AX14: 1 | AY14: 3 | AZ14: 9 | BB14: =SUM(IF(AX14=AX$5,4,0),IF(AX14&AY14=AX$5&AY$5,1,0), IF(AND(AX14=AX$5,AY$6>=$D$115),1,0), IF(AND(AY14=AX$5,AY$6>=$D$115),1,0), IF(AND(AZ14=AX$5,AY$6>=$D$115),1,0), IF(AX14&BA14=BB$5,1,0), IF(AY14=AX$5,2,0), IF(AZ14=AX$5,1,0), IF(OR(AX14&AY14&AZ14=AX$5&AY$5&AZ$5,AX14&AY14&AZ14=AX$5&AZ$5&AY$5,AX14&AY14&AZ14=AY$5&AX$5&AZ$5,AX14&AY14&AZ14=AY$5&AZ$5&AX$5,AX14&AY14&AZ14=AZ$5&AX$5&AY$5,AX14&AY14&AZ14=AZ$5&AY$5&AX$5),2,0),IF(AND(AX14=AX$5,AY$6>=$D$129),1,0),IF(AND(AY14=AX$5,AY$6>=$D$129),1,0),IF(AND(AZ14=AX$5,AY$6>=$D$129),1,0),IF(AX14&BA14=BA$5,4,0),IF(AND(AX14=AX$5,AY$6<=$D$104),-0.5,0),IF(AND(AY14=AX$5,AY$6<=$D$104),-0.5,0),IF(AND(AZ14=AX$5,AY$6<=$D$104),-0.5,0)) -> 4 | BC14: 4 | BD14: 6 | BE14: 7 | BG14: =SUM(IF(BC14=BC$5,4,0),IF(BC14&BD14=BC$5&BD$5,1,0), IF(AND(BC14=BC$5,BD$6>=$D$115),1,0), IF(AND(BD14=BC$5,BD$6>=$D$115),1,0), IF(AND(BE14=BC$5,BD$6>=$D$115),1,0), IF(BC14&BF14=BG$5,1,0), IF(BD14=BC$5,2,0), IF(BE14=BC$5,1,0), IF(OR(BC14&BD14&BE14=BC$5&BD$5&BE$5,BC14&BD14&BE14=BC$5&BE$5&BD$5,BC14&BD14&BE14=BD$5&BC$5&BE$5,BC14&BD14&BE14=BD$5&BE$5&BC$5,BC14&BD14&BE14=BE$5&BC$5&BD$5,BC14&BD14&BE14=BE$5&BD$5&BC$5),2,0),IF(AND(BC14=BC$5,BD$6>=$D$129),1,0),IF(AND(BD14=BC$5,BD$6>=$D$129),1,0),IF(AND(BE14=BC$5,BD$6>=$D$129),1,0),IF(BC14&BF14=BF$5,4,0),IF(AND(BC14=BC$5,BD$6<=$D$104),-0.5,0),IF(AND(BD14=BC$5,BD$6<=$D$104),-0.5,0),IF(AND(BE14=BC$5,BD$6<=$D$104),-0.5,0)) -> 4 | BH14: 5 | BI14: 1 | BJ14: 6 | BK14: F | BL14: =SUM(IF(BH14=BH$5,4,0),IF(BH14&BI14=BH$5&BI$5,1,0), IF(AND(BH14=BH$5,BI$6>=$D$115),1,0), IF(AND(BI14=BH$5,BI$6>=$D$115),1,0), IF(AND(BJ14=BH$5,BI$6>=$D$115),1,0), IF(BH14&BK14=BL$5,1,0), IF(BI14=BH$5,2,0), IF(BJ14=BH$5,1,0), IF(OR(BH14&BI14&BJ14=BH$5&BI$5&BJ$5,BH14&BI14&BJ14=BH$5&BJ$5&BI$5,BH14&BI14&BJ14=BI$5&BH$5&BJ$5,BH14&BI14&BJ14=BI$5&BJ$5&BH$5,BH14&BI14&BJ14=BJ$5&BH$5&BI$5,BH14&BI14&BJ14=BJ$5&BI$5&BH$5),2,0),IF(AND(BH14=BH$5,BI$6>=$D$129),1,0),IF(AND(BI14=BH$5,BI$6>=$D$129),1,0),IF(AND(BJ14=BH$5,BI$6>=$D$129),1,0),IF(BH14&BK14=BK$5,4,0),IF(AND(BH14=BH$5,BI$6<=$D$104),-0.5,0),IF(AND(BI14=BH$5,BI$6<=$D$104),-0.5,0),IF(AND(BJ14=BH$5,BI$6<=$D$104),-0.5,0)) -> 0 | BM14: 1 | BN14: 2 | BO14: 12 | BQ14: =SUM(IF(BM14=BM$5,4,0),IF(BM14&BN14=BM$5&BN$5,1,0), IF(AND(BM14=BM$5,BN$6>=$D$115),1,0), IF(AND(BN14=BM$5,BN$6>=$D$115),1,0), IF(AND(BO14=BM$5,BN$6>=$D$115),1,0), IF(BM14&BP14=BQ$5,1,0), IF(BN14=BM$5,2,0), IF(BO14=BM$5,1,0), IF(OR(BM14&BN14&BO14=BM$5&BN$5&BO$5,BM14&BN14&BO14=BM$5&BO$5&BN$5,BM14&BN14&BO14=BN$5&BM$5&BO$5,BM14&BN14&BO14=BN$5&BO$5&BM$5,BM14&BN14&BO14=BO$5&BM$5&BN$5,BM14&BN14&BO14=BO$5&BN$5&BM$5),2,0),IF(AND(BM14=BM$5,BN$6>=$D$129),1,0),IF(AND(BN14=BM$5,BN$6>=$D$129),1,0),IF(AND(BO14=BM$5,BN$6>=$D$129),1,0),IF(BM14&BP14=BP$5,4,0),IF(AND(BM14=BM$5,BN$6<=$D$104),-0.5,0),IF(AND(BN14=BM$5,BN$6<=$D$104),-0.5,0),IF(AND(BO14=BM$5,BN$6<=$D$104),-0.5,0)) -> 0 | BV14: =SUM(IF(BR14=BR$5,4,0),IF(BR14&BS14=BR$5&BS$5,1,0), IF(AND(BR14=BR$5,BS$6>=$D$115),1,0), IF(AND(BS14=BR$5,BS$6>=$D$115),1,0), IF(AND(BT14=BR$5,BS$6>=$D$115),1,0), IF(BR14&BU14=BV$5,1,0), IF(BS14=BR$5,2,0), IF(BT14=BR$5,1,0), IF(OR(BR14&BS14&BT14=BR$5&BS$5&BT$5,BR14&BS14&BT14=BR$5&BT$5&BS$5,BR14&BS14&BT14=BS$5&BR$5&BT$5,BR14&BS14&BT14=BS$5&BT$5&BR$5,BR14&BS14&BT14=BT$5&BR$5&BS$5,BR14&BS14&BT14=BT$5&BS$5&BR$5),2,0),IF(AND(BR14=BR$5,BS$6>=$D$129),1,0),IF(AND(BS14=BR$5,BS$6>=$D$129),1,0),IF(AND(BT14=BR$5,BS$6>=$D$129),1,0),IF(BR14&BU14=BU$5,4,0),IF(AND(BR14=BR$5,BS$6<=$D$104),-0.5,0),IF(AND(BS14=BR$5,BS$6<=$D$104),-0.5,0),IF(AND(BT14=BR$5,BS$6<=$D$104),-0.5,0)) -> 0 | CA14: =SUM(IF(BW14=BW$5,4,0),IF(BW14&BX14=BW$5&BX$5,1,0), IF(AND(BW14=BW$5,BX$6>=$D$115),1,0), IF(AND(BX14=BW$5,BX$6>=$D$115),1,0), IF(AND(BY14=BW$5,BX$6>=$D$115),1,0), IF(BW14&BZ14=CA$5,1,0), IF(BX14=BW$5,2,0), IF(BY14=BW$5,1,0), IF(OR(BW14&BX14&BY14=BW$5&BX$5&BY$5,BW14&BX14&BY14=BW$5&BY$5&BX$5,BW14&BX14&BY14=BX$5&BW$5&BY$5,BW14&BX14&BY14=BX$5&BY$5&BW$5,BW14&BX14&BY14=BY$5&BW$5&BX$5,BW14&BX14&BY14=BY$5&BX$5&BW$5),2,0),IF(AND(BW14=BW$5,BX$6>=$D$129),1,0),IF(AND(BX14=BW$5,BX$6>=$D$129),1,0),IF(AND(BY14=BW$5,BX$6>=$D$129),1,0),IF(BW14&BZ14=BZ$5,4,0),IF(AND(BW14=BW$5,BX$6<=$D$104),-0.5,0),IF(AND(BX14=BW$5,BX$6<=$D$104),-0.5,0),IF(AND(BY14=BW$5,BX$6<=$D$104),-0.5,0)) -> 0 | CF14: =SUM(IF(CB14=CB$5,4,0),IF(CB14&CC14=CB$5&CC$5,1,0), IF(AND(CB14=CB$5,CC$6>=$D$115),1,0), IF(AND(CC14=CB$5,CC$6>=$D$115),1,0), IF(AND(CD14=CB$5,CC$6>=$D$115),1,0), IF(CB14&CE14=CF$5,1,0), IF(CC14=CB$5,2,0), IF(CD14=CB$5,1,0), IF(OR(CB14&CC14&CD14=CB$5&CC$5&CD$5,CB14&CC14&CD14=CB$5&CD$5&CC$5,CB14&CC14&CD14=CC$5&CB$5&CD$5,CB14&CC14&CD14=CC$5&CD$5&CB$5,CB14&CC14&CD14=CD$5&CB$5&CC$5,CB14&CC14&CD14=CD$5&CC$5&CB$5),2,0),IF(AND(CB14=CB$5,CC$6>=$D$129),1,0),IF(AND(CC14=CB$5,CC$6>=$D$129),1,0),IF(AND(CD14=CB$5,CC$6>=$D$129),1,0),IF(CB14&CE14=CE$5,4,0),IF(AND(CB14=CB$5,CC$6<=$D$104),-0.5,0),IF(AND(CC14=CB$5,CC$6<=$D$104),-0.5,0),IF(AND(CD14=CB$5,CC$6<=$D$104),-0.5,0)) -> 0 | CG14: =IF(BASE01[[#This Row],[1]]="",0,$B$4) -> 13 | CH14: =COUNTIF(BASE01[[#This Row],[1]],$E$5)+COUNTIF(BASE01[[#This Row],[12]],$J$5)+COUNTIF(BASE01[[#This Row],[Columna4]],$O$5)+COUNTIF(BASE01[[#This Row],[Columna7]],$T$5)+COUNTIF(BASE01[[#This Row],[Columna10]],$Y$5)+COUNTIF(BASE01[[#This Row],[1RA]],$AD$5)+COUNTIF(BASE01[[#This Row],[Columna16]],$AI$5)+COUNTIF(BASE01[[#This Row],[123]],$AN$5)+COUNTIF(BASE01[[#This Row],[AAAA]],$AS$5)+COUNTIF(BASE01[[#This Row],[Columna25]],$AX$5)+COUNTIF(BASE01[[#This Row],[Columna272]],$BC$5)+COUNTIF(BASE01[[#This Row],[Columna276]],$BH$5)+COUNTIF(BASE01[[#This Row],[Columna280]],$BM$5)+COUNTIF(BASE01[[#This Row],[Columna2802]],$BR$5)+COUNTIF(BASE01[[#This Row],[Columna2803]],$BW$5)+COUNTIF(BASE01[[#This Row],[Columna2804]],$CB$5) -> 4 | CI14: =IF(BASE01[[#This Row],[Columna14]]=0,0,(CH14/CG14)) -> 0.30769231 | CJ14: =IF(BASE01[[#This Row],[1]]="",0,$B$4) -> 13 | CK14: =COUNTIF(BASE01[[#This Row],[1]]:BASE01[[#This Row],[2]],$E$5)+COUNTIF(BASE01[[#This Row],[12]]:BASE01[[#This Row],[Columna2]],$J$5)+COUNTIF(BASE01[[#This Row],[Columna4]]:BASE01[[#This Row],[Columna5]],$O$5)+COUNTIF(BASE01[[#This Row],[Columna7]]:BASE01[[#This Row],[Columna8]],$T$5)+COUNTIF(BASE01[[#This Row],[Columna10]]:BASE01[[#This Row],[Columna11]],$Y$5)+COUNTIF(BASE01[[#This Row],[1RA]]:BASE01[[#This Row],[2DA]],$AD$5)+COUNTIF(BASE01[[#This Row],[Columna16]:[Columna17]],$AI$5)+COUNTIF(BASE01[[#This Row],[123]:[555]],$AN$5)+COUNTIF(BASE01[[#This Row],[AAAA]]:BASE01[[#This Row],[BBBB]],$AS$5)+COUNTIF(BASE01[[#This Row],[Columna25]]:BASE01[[#This Row],[Columna26]],$AX$5)+COUNTIF(BASE01[[#This Row],[Columna272]]:BASE01[[#This Row],[Columna273]],$BC$5)+COUNTIF(BASE01[[#This Row],[Columna276]]:BASE01[[#This Row],[Columna277]],$BH$5)+COUNTIF(BASE01[[#This Row],[Columna280]]:BASE01[[#This Row],[Columna281]],$BM$5)+COUNTIF(BASE01[[#This Row],[Columna2802]]:BASE01[[#This Row],[Columna2813]],$BR$5)+COUNTIF(BASE01[[#This Row],[Columna2803]:[Columna2814]],$BW$5)+COUNTIF(BASE01[[#This Row],[Columna2804]:[Columna2815]],$CB$5) -> 5 | CL14: =IF(BASE01[[#This Row],[Columna14]]=0,0,(CK14/CJ14)) -> 0.38461538 | CM14: =IF(BASE01[[#This Row],[1]]="",0,$B$4) -> 13 | CN14: =COUNTIF(BASE01[[#This Row],[1]:[22]],$E$5)+COUNTIF(BASE01[[#This Row],[12]:[Columna23]],$J$5)+COUNTIF(BASE01[[#This Row],[Columna4]:[Columna53]],$O$5)+COUNTIF(BASE01[[#This Row],[Columna7]:[Columna83]],$T$5)+COUNTIF(BASE01[[#This Row],[Columna10]:[Columna113]],$Y$5)+COUNTIF(BASE01[[#This Row],[1RA]:[2DA2]],$AD$5)+COUNTIF(BASE01[[#This Row],[Columna16]:[Columna173]],$AI$5)+COUNTIF(BASE01[[#This Row],[123]:[556]],$AN$5)+COUNTIF(BASE01[[#This Row],[AAAA]:[Columna13]],$AS$5)+COUNTIF(BASE01[[#This Row],[Columna25]:[Columna263]],$AX$5)+COUNTIF(BASE01[[#This Row],[Columna272]:[Columna2732]],$BC$5)+COUNTIF(BASE01[[#This Row],[Columna276]:[Columna2772]],$BH$5)+COUNTIF(BASE01[[#This Row],[Columna280]:[Columna2812]],$BM$5)+COUNTIF(BASE01[[#This Row],[Columna2802]:[Columna28124]],$BR$5)+COUNTIF(BASE01[[#This Row],[Columna2803]:[Columna28125]],$BW$5)+COUNTIF(BASE01[[#This Row],[Columna2804]:[Columna28126]],$CB$5) -> 7 | CO14: =IF(BASE01[[#This Row],[Columna14]]=0,0,(CN14/CM14)) -> 0.53846154 | CP14: =SUM( (AND(OR(BASE01[[#This Row],[3]]="F", BASE01[[#This Row],[3]]="SF"), F$6<>"")), (AND(OR(BASE01[[#This Row],[Columna28]]="F", BASE01[[#This Row],[Columna28]]="SF"), K$6<>"")), (AND(OR(BASE01[[#This Row],[Columna52]]="F", BASE01[[#This Row],[Columna52]]="SF"), P$6<>"")), (AND(OR(BASE01[[#This Row],[Columna82]]="F", BASE01[[#This Row],[Columna82]]="SF"), U$6<>"")), (AND(OR(BASE01[[#This Row],[Columna112]]="F", BASE01[[#This Row],[Columna112]]="SF"), Z$6<>"")), (AND(OR(BASE01[[#This Row],[3RA]]="F", BASE01[[#This Row],[3RA]]="SF"), AE$6<>"")), (AND(OR(BASE01[[#This Row],[Columna172]]="F",BASE01[[#This Row],[Columna172]]="SF"), AJ$6<>"")), (AND(OR(BASE01[[#This Row],[111]]="F", BASE01[[#This Row],[111]]="SF"), AO$6<>"")), (AND(OR(BASE01[[#This Row],[CCCC]]="F", BASE01[[#This Row],[CCCC]]="SF"), AT$6<>"")), (AND(OR(BASE01[[#This Row],[Columna262]]="F",BASE01[[#This Row],[Columna262]]="SF"), AY$6<>"")), (AND(OR(BASE01[[#This Row],[Columna274]]="F", BASE01[[#This Row],[Columna274]]="SF"), BD$6<>"")), (AND(OR(BASE01[[#This Row],[Columna278]]="F", BASE01[[#This Row],[Columna278]]="SF"), BI$6<>"")), (AND(OR(BASE01[[#This Row],[Columna282]]="F", BASE01[[#This Row],[Columna282]]="SF"), BN$6<>"")), (AND(OR(BASE01[[#This Row],[Columna2825]]="F", BASE01[[#This Row],[Columna2825]]="SF"), BS$6<>"")), (AND(OR(BASE01[[#This Row],[Columna2826]]="F", BASE01[[#This Row],[Columna2826]]="SF"), BX$6<>"")), (AND(OR(BASE01[[#This Row],[Columna2827]]="F", BASE01[[#This Row],[Columna2827]]="SF"), CC$6<>"")) ) -> 3 | CQ14: =COUNTIFS(BASE01[[#This Row],[1]],$E$5,BASE01[[#This Row],[3]],"F")+COUNTIFS(BASE01[[#This Row],[12]],$J$5,BASE01[[#This Row],[Columna28]],"F")+COUNTIFS(BASE01[[#This Row],[Columna4]],$O$5,BASE01[[#This Row],[Columna52]],"F")+COUNTIFS(BASE01[[#This Row],[Columna7]],$T$5,BASE01[[#This Row],[Columna82]],"F")+COUNTIFS(BASE01[[#This Row],[Columna10]],$Y$5,BASE01[[#This Row],[Columna112]],"F")+COUNTIFS(BASE01[[#This Row],[1RA]],$AD$5,BASE01[[#This Row],[3RA]],"F")+COUNTIFS(BASE01[[#This Row],[Columna16]],$AI$5,BASE01[[#This Row],[Columna172]],"F")+COUNTIFS(BASE01[[#This Row],[123]],$AN$5,BASE01[[#This Row],[111]],"F")+COUNTIFS(BASE01[[#This Row],[AAAA]],$AS$5,BASE01[[#This Row],[CCCC]],"F")+COUNTIFS(BASE01[[#This Row],[Columna25]],$AX$5,BASE01[[#This Row],[Columna262]],"F")+COUNTIFS(BASE01[[#This Row],[Columna272]],$BC$5,BASE01[[#This Row],[Columna274]],"F")+COUNTIFS(BASE01[[#This Row],[Columna276]],$BH$5,BASE01[[#This Row],[Columna278]],"F")+COUNTIFS(BASE01[[#This Row],[Columna280]],$BM$5,BASE01[[#This Row],[Columna282]],"F")+COUNTIFS(BASE01[[#This Row],[1]],$E$5,BASE01[[#This Row],[3]],"SF")+COUNTIFS(BASE01[[#This Row],[12]],$J$5,BASE01[[#This Row],[Columna28]],"SF")+COUNTIFS(BASE01[[#This Row],[Columna4]],$O$5,BASE01[[#This Row],[Columna52]],"SF")+COUNTIFS(BASE01[[#This Row],[Columna7]],$T$5,BASE01[[#This Row],[Columna82]],"SF")+COUNTIFS(BASE01[[#This Row],[Columna10]],$Y$5,BASE01[[#This Row],[Columna112]],"SF")+COUNTIFS(BASE01[[#This Row],[1RA]],$AD$5,BASE01[[#This Row],[3RA]],"SF")+COUNTIFS(BASE01[[#This Row],[Columna16]],$AI$5,BASE01[[#This Row],[Columna172]],"SF")+COUNTIFS(BASE01[[#This Row],[123]],$AN$5,BASE01[[#This Row],[111]],"SF")+COUNTIFS(BASE01[[#This Row],[AAAA]],$AS$5,BASE01[[#This Row],[CCCC]],"SF")+COUNTIFS(BASE01[[#This Row],[Columna25]],$AX$5,BA14,"SF")+COUNTIFS(BASE01[[#This Row],[Columna272]],$BC$5,BASE01[[#This Row],[Columna274]],"SF")+COUNTIFS(BASE01[[#This Row],[Columna276]],$BH$5,BASE01[[#This Row],[Columna278]],"SF")+COUNTIFS(BASE01[[#This Row],[Columna280]],$BM$5,BASE01[[#This Row],[Columna282]],"SF") -> 2 | CR14: =IF(BASE01[[#This Row],[Columna14]]=0,0,(CQ14/CP14)) -> 0.66666667 | CS14: =SUM(BASE01[[#This Row],[PTS]],BASE01[[#This Row],[Columna3]],BASE01[[#This Row],[Columna6]],BASE01[[#This Row],[Columna9]],BASE01[[#This Row],[Columna12]],BASE01[[#This Row],[Columna15]],BASE01[[#This Row],[Columna18]],BASE01[[#This Row],[Columna21]],BASE01[[#This Row],[Columna24]],BASE01[[#This Row],[Columna27]],BASE01[[#This Row],[Columna275]],BASE01[[#This Row],[Columna279]],BASE01[[#This Row],[Columna283]],BASE01[[#This Row],[Columna28310]],BASE01[[#This Row],[Columna2837]],BASE01[[#This Row],[Columna2838]]) -> 26 | CU14: =SUM(CS14,CT14) -> 26 | CV14: =IF(BASE01[[#This Row],[TIPO]]="PREMIO",$O$3,"0,00") -> 1000 | CY14: 7 | CZ14: =AJ$6 -> 183.74 | DB14: =BASE01[[#This Row],[COD]] -> COD 07 | DC14: {=IFERROR(IF(AND(INDEX($E$8:$CE$57, MATCH($C14, $C$8:$C$57, 0), (COLUMNS($DC14:DC14)-1)*5 + 1) = INDEX($E$5:$CE$5, 1, (COLUMNS($DC14:DC14)-1)*5 + 1), INDEX($E$8:$CE$57, MATCH($C14, $C$8:$C$57, 0), (COLUMNS($DC14:DC14)-1)*5 + 4) = "F"), INDEX($CZ$8:$CZ$23, COLUMNS($DC14:DC14)), "0"), "")} -> 0 | DD14: {=IFERROR(IF(AND(INDEX($E$8:$CE$57, MATCH($C14, $C$8:$C$57, 0), (COLUMNS($DC14:DD14)-1)*5 + 1) = INDEX($E$5:$CE$5, 1, (COLUMNS($DC14:DD14)-1)*5 + 1), INDEX($E$8:$CE$57, MATCH($C14, $C$8:$C$57, 0), (COLUMNS($DC14:DD14)-1)*5 + 4) = "F"), INDEX($CZ$8:$CZ$23, COLUMNS($DC14:DD14)), "0"), "")} -> 0 | DE14: {=IFERROR(IF(AND(INDEX($E$8:$CE$57, MATCH($C14, $C$8:$C$57, 0), (COLUMNS($DC14:DE14)-1)*5 + 1) = INDEX($E$5:$CE$5, 1, (COLUMNS($DC14:DE14)-1)*5 + 1), INDEX($E$8:$CE$57, MATCH($C14, $C$8:$C$57, 0), (COLUMNS($DC14:DE14)-1)*5 + 4) = "F"), INDEX($CZ$8:$CZ$23, COLUMNS($DC14:DE14)), "0"), "")} -> 0 | DF14: {=IFERROR(IF(AND(INDEX($E$8:$CE$57, MATCH($C14, $C$8:$C$57, 0), (COLUMNS($DC14:DF14)-1)*5 + 1) = INDEX($E$5:$CE$5, 1, (COLUMNS($DC14:DF14)-1)*5 + 1), INDEX($E$8:$CE$57, MATCH($C14, $C$8:$C$57, 0), (COLUMNS($DC14:DF14)-1)*5 + 4) = "F"), INDEX($CZ$8:$CZ$23, COLUMNS($DC14:DF14)), "0"), "")} -> 110 | DG14: {=IFERROR(IF(AND(INDEX($E$8:$CE$57, MATCH($C14, $C$8:$C$57, 0), (COLUMNS($DC14:DG14)-1)*5 + 1) = INDEX($E$5:$CE$5, 1, (COLUMNS($DC14:DG14)-1)*5 + 1), INDEX($E$8:$CE$57, MATCH($C14, $C$8:$C$57, 0), (COLUMNS($DC14:DG14)-1)*5 + 4) = "F"), INDEX($CZ$8:$CZ$23, COLUMNS($DC14:DG14)), "0"), "")} -> 0 | DH14: {=IFERROR(IF(AND(INDEX($E$8:$CE$57, MATCH($C14, $C$8:$C$57, 0), (COLUMNS($DC14:DH14)-1)*5 + 1) = INDEX($E$5:$CE$5, 1, (COLUMNS($DC14:DH14)-1)*5 + 1), INDEX($E$8:$CE$57, MATCH($C14, $C$8:$C$57, 0), (COLUMNS($DC14:DH14)-1)*5 + 4) = "F"), INDEX($CZ$8:$CZ$23, COLUMNS($DC14:DH14)), "0"), "")} -> 0 | DI14: {=IFERROR(IF(AND(INDEX($E$8:$CE$57, MATCH($C14, $C$8:$C$57, 0), (COLUMNS($DC14:DI14)-1)*5 + 1) = INDEX($E$5:$CE$5, 1, (COLUMNS($DC14:DI14)-1)*5 + 1), INDEX($E$8:$CE$57, MATCH($C14, $C$8:$C$57, 0), (COLUMNS($DC14:DI14)-1)*5 + 4) = "F"), INDEX($CZ$8:$CZ$23, COLUMNS($DC14:DI14)), "0"), "")} -> 0 | DJ14: {=IFERROR(IF(AND(INDEX($E$8:$CE$57, MATCH($C14, $C$8:$C$57, 0), (COLUMNS($DC14:DJ14)-1)*5 + 1) = INDEX($E$5:$CE$5, 1, (COLUMNS($DC14:DJ14)-1)*5 + 1), INDEX($E$8:$CE$57, MATCH($C14, $C$8:$C$57, 0), (COLUMNS($DC14:DJ14)-1)*5 + 4) = "F"), INDEX($CZ$8:$CZ$23, COLUMNS($DC14:DJ14)), "0"), "")} -> 0 | ... DR14: {=IFERROR(IF(AND(INDEX($E$8:$CE$57, MATCH($C14, $C$8:$C$57, 0), (COLUMNS($DC14:DR14)-1)*5 + 1) = INDEX($E$5:$CE$5, 1, (COLUMNS($DC14:DR14)-1)*5 + 1), INDEX($E$8:$CE$57, MATCH($C14, $C$8:$C$57, 0), (COLUMNS($DC14:DR14)-1)*5 + 4) = "F"), INDEX($CZ$8:$CZ$23, COLUMNS($DC14:DR14)), "0"), "")} -> 0 | DT14: =BASE01[[#This Row],[COD]] -> COD 07 | DU14: {=IFERROR(IF(AND(INDEX($E$8:$CE$57, MATCH($C14, $C$8:$C$57, 0), (COLUMNS($DU14:DU14)-1)*5 + 1) = INDEX($E$5:$CE$5, 1, (COLUMNS($DU14:DU14)-1)*5 + 1), INDEX($E$8:$CE$57, MATCH($C14, $C$8:$C$57, 0), (COLUMNS($DU14:DU14)-1)*5 + 4) = "SF"), INDEX($CZ$8:$CZ$23, COLUMNS($DU14:DU14)), "0"), "")} -> 0 | DV14: {=IFERROR(IF(AND(INDEX($E$8:$CE$57, MATCH($C14, $C$8:$C$57, 0), (COLUMNS($DU14:DV14)-1)*5 + 1) = INDEX($E$5:$CE$5, 1, (COLUMNS($DU14:DV14)-1)*5 + 1), INDEX($E$8:$CE$57, MATCH($C14, $C$8:$C$57, 0), (COLUMNS($DU14:DV14)-1)*5 + 4) = "SF"), INDEX($CZ$8:$CZ$23, COLUMNS($DU14:DV14)), "0"), "")} -> 0 | DW14: {=IFERROR(IF(AND(INDEX($E$8:$CE$57, MATCH($C14, $C$8:$C$57, 0), (COLUMNS($DU14:DW14)-1)*5 + 1) = INDEX($E$5:$CE$5, 1, (COLUMNS($DU14:DW14)-1)*5 + 1), INDEX($E$8:$CE$57, MATCH($C14, $C$8:$C$57, 0), (COLUMNS($DU14:DW14)-1)*5 + 4) = "SF"), INDEX($CZ$8:$CZ$23, COLUMNS($DU14:DW14)), "0"), "")} -> 0 | DX14: {=IFERROR(IF(AND(INDEX($E$8:$CE$57, MATCH($C14, $C$8:$C$57, 0), (COLUMNS($DU14:DX14)-1)*5 + 1) = INDEX($E$5:$CE$5, 1, (COLUMNS($DU14:DX14)-1)*5 + 1), INDEX($E$8:$CE$57, MATCH($C14, $C$8:$C$57, 0), (COLUMNS($DU14:DX14)-1)*5 + 4) = "SF"), INDEX($CZ$8:$CZ$23, COLUMNS($DU14:DX14)), "0"), "")} -> 0 | DY14: {=IFERROR(IF(AND(INDEX($E$8:$CE$57, MATCH($C14, $C$8:$C$57, 0), (COLUMNS($DU14:DY14)-1)*5 + 1) = INDEX($E$5:$CE$5, 1, (COLUMNS($DU14:DY14)-1)*5 + 1), INDEX($E$8:$CE$57, MATCH($C14, $C$8:$C$57, 0), (COLUMNS($DU14:DY14)-1)*5 + 4) = "SF"), INDEX($CZ$8:$CZ$23, COLUMNS($DU14:DY14)), "0"), "")} -> 110 | DZ14: {=IFERROR(IF(AND(INDEX($E$8:$CE$57, MATCH($C14, $C$8:$C$57, 0), (COLUMNS($DU14:DZ14)-1)*5 + 1) = INDEX($E$5:$CE$5, 1, (COLUMNS($DU14:DZ14)-1)*5 + 1), INDEX($E$8:$CE$57, MATCH($C14, $C$8:$C$57, 0), (COLUMNS($DU14:DZ14)-1)*5 + 4) = "SF"), INDEX($CZ$8:$CZ$23, COLUMNS($DU14:DZ14)), "0"), "")} -> 0 | EA14: {=IFERROR(IF(AND(INDEX($E$8:$CE$57, MATCH($C14, $C$8:$C$57, 0), (COLUMNS($DU14:EA14)-1)*5 + 1) = INDEX($E$5:$CE$5, 1, (COLUMNS($DU14:EA14)-1)*5 + 1), INDEX($E$8:$CE$57, MATCH($C14, $C$8:$C$57, 0), (COLUMNS($DU14:EA14)-1)*5 + 4) = "SF"), INDEX($CZ$8:$CZ$23, COLUMNS($DU14:EA14)), "0"), "")} -> 0 | EB14: {=IFERROR(IF(AND(INDEX($E$8:$CE$57, MATCH($C14, $C$8:$C$57, 0), (COLUMNS($DU14:EB14)-1)*5 + 1) = INDEX($E$5:$CE$5, 1, (COLUMNS($DU14:EB14)-1)*5 + 1), INDEX($E$8:$CE$57, MATCH($C14, $C$8:$C$57, 0), (COLUMNS($DU14:EB14)-1)*5 + 4) = "SF"), INDEX($CZ$8:$CZ$23, COLUMNS($DU14:EB14)), "0"), "")} -> 0 | ... EJ14: {=IFERROR(IF(AND(INDEX($E$8:$CE$57, MATCH($C14, $C$8:$C$57, 0), (COLUMNS($DU14:EJ14)-1)*5 + 1) = INDEX($E$5:$CE$5, 1, (COLUMNS($DU14:EJ14)-1)*5 + 1), INDEX($E$8:$CE$57, MATCH($C14, $C$8:$C$57, 0), (COLUMNS($DU14:EJ14)-1)*5 + 4) = "SF"), INDEX($CZ$8:$CZ$23, COLUMNS($DU14:EJ14)), "0"), "")} -> 0
